timestamp, temperature.gpu, power.draw [W], power.limit [W], utilization.gpu [%], memory.used [MiB], fan.speed [%], pcie.link.gen.current, clocks_event_reasons.active
2026/09/14 00:40:45.559, 37, 23.36 W, 300.00 W, 0 %, 1 MiB, 0 %, 1, 0x0000000000000001
2026/09/14 00:41:15.572, 41, 25.23 W, 300.00 W, 0 %, 508 MiB, 0 %, 1, 0x0000000000000001
2026/09/14 00:41:45.576, 56, 298.50 W, 300.00 W, 95 %, 6810 MiB, 58 %, 4, 0x0000000000000004
2026/09/14 00:42:15.578, 59, 298.23 W, 300.00 W, 95 %, 6810 MiB, 66 %, 4, 0x0000000000000004
2026/09/14 00:42:45.580, 61, 298.47 W, 300.00 W, 95 %, 6810 MiB, 68 %, 4, 0x0000000000000004
2026/09/14 00:43:15.582, 62, 298.35 W, 300.00 W, 97 %, 6810 MiB, 70 %, 4, 0x0000000000000004
2026/09/14 00:43:45.584, 63, 298.84 W, 300.00 W, 92 %, 6810 MiB, 71 %, 4, 0x0000000000000004
2026/09/14 00:44:15.586, 64, 297.98 W, 300.00 W, 95 %, 6810 MiB, 71 %, 4, 0x0000000000000004
2026/09/14 00:44:45.588, 64, 297.93 W, 300.00 W, 95 %, 6810 MiB, 72 %, 4, 0x0000000000000004
2026/09/14 00:45:15.590, 64, 298.41 W, 300.00 W, 94 %, 6810 MiB, 72 %, 4, 0x0000000000000004
2026/09/14 00:45:45.592, 64, 298.62 W, 300.00 W, 96 %, 6810 MiB, 73 %, 4, 0x0000000000000004
2026/09/14 00:46:15.594, 64, 297.04 W, 300.00 W, 95 %, 6810 MiB, 73 %, 4, 0x0000000000000004
2026/09/14 00:46:45.596, 64, 297.99 W, 300.00 W, 95 %, 6810 MiB, 73 %, 4, 0x0000000000000004
2026/09/14 00:47:15.598, 64, 298.15 W, 300.00 W, 95 %, 6810 MiB, 73 %, 4, 0x0000000000000004
2026/09/14 00:47:45.600, 64, 297.71 W, 300.00 W, 100 %, 6810 MiB, 74 %, 4, 0x0000000000000004
2026/09/14 00:48:15.602, 65, 297.21 W, 300.00 W, 95 %, 6810 MiB, 74 %, 4, 0x0000000000000004
2026/09/14 00:48:45.605, 64, 298.42 W, 300.00 W, 97 %, 6810 MiB, 74 %, 4, 0x0000000000000004
2026/09/14 00:49:15.607, 65, 299.01 W, 300.00 W, 95 %, 6810 MiB, 74 %, 4, 0x0000000000000004
2026/09/14 00:49:45.609, 64, 297.83 W, 300.00 W, 95 %, 6810 MiB, 74 %, 4, 0x0000000000000004
2026/09/14 00:50:15.611, 65, 298.00 W, 300.00 W, 99 %, 6810 MiB, 74 %, 4, 0x0000000000000004
2026/09/14 00:50:45.613, 65, 299.47 W, 300.00 W, 95 %, 6810 MiB, 74 %, 4, 0x0000000000000004
2026/09/14 00:51:15.615, 64, 296.93 W, 300.00 W, 95 %, 6810 MiB, 74 %, 4, 0x0000000000000004
2026/09/14 00:51:45.617, 64, 298.11 W, 300.00 W, 95 %, 6810 MiB, 74 %, 4, 0x0000000000000004
2026/09/14 00:52:15.619, 65, 297.80 W, 300.00 W, 95 %, 6810 MiB, 74 %, 4, 0x0000000000000004
2026/09/14 00:52:45.621, 64, 297.84 W, 300.00 W, 94 %, 6810 MiB, 75 %, 4, 0x0000000000000004
2026/09/14 00:53:15.623, 64, 297.89 W, 300.00 W, 94 %, 6810 MiB, 74 %, 4, 0x0000000000000004
2026/09/14 00:53:45.625, 64, 298.52 W, 300.00 W, 99 %, 6810 MiB, 74 %, 4, 0x0000000000000004
2026/09/14 00:54:15.628, 65, 297.87 W, 300.00 W, 95 %, 6810 MiB, 75 %, 4, 0x0000000000000004
2026/09/14 00:54:45.630, 65, 298.68 W, 300.00 W, 95 %, 6810 MiB, 75 %, 4, 0x0000000000000004
2026/09/14 00:55:15.632, 65, 298.92 W, 300.00 W, 100 %, 6810 MiB, 75 %, 4, 0x0000000000000004
2026/09/14 00:55:45.634, 64, 290.88 W, 300.00 W, 86 %, 7174 MiB, 74 %, 4, 0x0000000000000004
2026/09/14 00:56:15.636, 58, 223.46 W, 300.00 W, 60 %, 7174 MiB, 74 %, 4, 0x0000000000000000
2026/09/14 00:56:45.916, 56, 163.43 W, 300.00 W, 0 %, 7174 MiB, 73 %, 4, 0x0000000000000000
2026/09/14 00:57:15.917, 55, 168.60 W, 300.00 W, 0 %, 7174 MiB, 72 %, 4, 0x0000000000000000
2026/09/14 00:57:45.919, 61, 298.60 W, 300.00 W, 95 %, 7192 MiB, 72 %, 4, 0x0000000000000004
2026/09/14 00:58:15.921, 63, 298.97 W, 300.00 W, 94 %, 7192 MiB, 72 %, 4, 0x0000000000000004
2026/09/14 00:58:45.923, 64, 299.04 W, 300.00 W, 97 %, 7192 MiB, 72 %, 4, 0x0000000000000004
2026/09/14 00:59:15.925, 65, 297.38 W, 300.00 W, 95 %, 7192 MiB, 72 %, 4, 0x0000000000000004
2026/09/14 00:59:45.928, 65, 297.67 W, 300.00 W, 95 %, 7192 MiB, 73 %, 4, 0x0000000000000004
2026/09/14 01:00:15.929, 65, 298.03 W, 300.00 W, 94 %, 7192 MiB, 73 %, 4, 0x0000000000000004
2026/09/14 01:00:45.931, 65, 297.46 W, 300.00 W, 97 %, 7192 MiB, 74 %, 4, 0x0000000000000004
2026/09/14 01:01:15.933, 65, 299.04 W, 300.00 W, 95 %, 7192 MiB, 74 %, 4, 0x0000000000000004
2026/09/14 01:01:45.936, 65, 298.33 W, 300.00 W, 100 %, 7192 MiB, 74 %, 4, 0x0000000000000004
2026/09/14 01:02:15.938, 65, 298.31 W, 300.00 W, 95 %, 7192 MiB, 74 %, 4, 0x0000000000000004
2026/09/14 01:02:45.940, 65, 297.58 W, 300.00 W, 95 %, 7192 MiB, 74 %, 4, 0x0000000000000004
2026/09/14 01:03:15.942, 65, 297.90 W, 300.00 W, 94 %, 7192 MiB, 75 %, 4, 0x0000000000000004
2026/09/14 01:03:45.944, 65, 299.07 W, 300.00 W, 95 %, 7192 MiB, 75 %, 4, 0x0000000000000004
2026/09/14 01:04:15.946, 65, 298.08 W, 300.00 W, 100 %, 7192 MiB, 75 %, 4, 0x0000000000000004
2026/09/14 01:04:45.948, 65, 298.51 W, 300.00 W, 95 %, 7192 MiB, 75 %, 4, 0x0000000000000004
2026/09/14 01:05:15.950, 65, 298.87 W, 300.00 W, 97 %, 7192 MiB, 75 %, 4, 0x0000000000000004
2026/09/14 01:05:45.952, 65, 298.54 W, 300.00 W, 100 %, 7192 MiB, 75 %, 4, 0x0000000000000004
2026/09/14 01:06:15.954, 65, 298.62 W, 300.00 W, 93 %, 7192 MiB, 75 %, 4, 0x0000000000000004
2026/09/14 01:06:45.956, 65, 298.39 W, 300.00 W, 95 %, 7192 MiB, 75 %, 4, 0x0000000000000004
2026/09/14 01:07:15.957, 65, 298.47 W, 300.00 W, 95 %, 7192 MiB, 75 %, 4, 0x0000000000000004
2026/09/14 01:07:45.959, 64, 297.47 W, 300.00 W, 94 %, 7192 MiB, 75 %, 4, 0x0000000000000004
2026/09/14 01:08:15.961, 64, 298.37 W, 300.00 W, 94 %, 7192 MiB, 75 %, 4, 0x0000000000000004
2026/09/14 01:08:45.963, 64, 297.54 W, 300.00 W, 95 %, 7192 MiB, 75 %, 4, 0x0000000000000004
2026/09/14 01:09:15.965, 65, 297.17 W, [GPU is lost], 95 %, [GPU is lost], [GPU is lost], 4, 0x0000000000000004
