timestamp, temperature.gpu, power.draw [W], power.limit [W], utilization.gpu [%], memory.used [MiB], fan.speed [%], pcie.link.gen.current, clocks.current.graphics [MHz], clocks_event_reasons.active
2026/09/14 05:22:50.476, 32, 18.96 W, 250.00 W, 0 %, 1 MiB, 0 %, 1, 300 MHz, 0x0000000000000001
2026/09/14 05:23:20.492, 39, 109.64 W, 250.00 W, 1 %, 6324 MiB, 0 %, 3, 1590 MHz, 0x0000000000000000
2026/09/14 05:23:50.493, 54, 240.74 W, 250.00 W, 95 %, 6810 MiB, 0 %, 3, 1590 MHz, 0x0000000000000004
2026/09/14 05:24:20.495, 56, 242.54 W, 250.00 W, 99 %, 6810 MiB, 63 %, 3, 1590 MHz, 0x0000000000000004
2026/09/14 05:24:50.497, 57, 239.31 W, 250.00 W, 97 %, 6810 MiB, 64 %, 3, 1590 MHz, 0x0000000000000004
2026/09/14 05:25:20.499, 58, 239.73 W, 250.00 W, 95 %, 6810 MiB, 65 %, 3, 1575 MHz, 0x0000000000000004
2026/09/14 05:25:50.501, 59, 245.85 W, 250.00 W, 94 %, 6810 MiB, 66 %, 3, 1590 MHz, 0x0000000000000000
2026/09/14 05:26:20.502, 58, 240.64 W, 250.00 W, 95 %, 6810 MiB, 66 %, 3, 1590 MHz, 0x0000000000000004
2026/09/14 05:26:50.504, 60, 245.19 W, 250.00 W, 99 %, 6810 MiB, 67 %, 3, 1575 MHz, 0x0000000000000004
2026/09/14 05:27:20.506, 60, 247.60 W, 250.00 W, 95 %, 6810 MiB, 67 %, 3, 1575 MHz, 0x0000000000000004
2026/09/14 05:27:50.509, 60, 241.77 W, 250.00 W, 95 %, 6810 MiB, 68 %, 3, 1530 MHz, 0x0000000000000004
2026/09/14 05:28:20.510, 59, 239.67 W, 250.00 W, 95 %, 6810 MiB, 68 %, 3, 1575 MHz, 0x0000000000000004
2026/09/14 05:28:50.512, 60, 248.16 W, 250.00 W, 95 %, 6810 MiB, 68 %, 3, 1545 MHz, 0x0000000000000000
2026/09/14 05:29:20.513, 59, 241.71 W, 250.00 W, 95 %, 6810 MiB, 68 %, 3, 1590 MHz, 0x0000000000000004
2026/09/14 05:29:50.515, 60, 237.60 W, 250.00 W, 95 %, 6810 MiB, 68 %, 3, 1590 MHz, 0x0000000000000004
2026/09/14 05:30:20.518, 60, 244.83 W, 250.00 W, 95 %, 6810 MiB, 69 %, 3, 1515 MHz, 0x0000000000000004
2026/09/14 05:30:50.520, 59, 239.65 W, 250.00 W, 99 %, 6810 MiB, 69 %, 3, 1590 MHz, 0x0000000000000004
2026/09/14 05:31:20.522, 60, 242.18 W, 250.00 W, 99 %, 6810 MiB, 69 %, 3, 1500 MHz, 0x0000000000000004
2026/09/14 05:31:50.523, 61, 244.37 W, 250.00 W, 95 %, 6810 MiB, 69 %, 3, 1590 MHz, 0x0000000000000004
2026/09/14 05:32:20.525, 60, 248.19 W, 250.00 W, 95 %, 6810 MiB, 69 %, 3, 1590 MHz, 0x0000000000000000
2026/09/14 05:32:50.526, 60, 253.57 W, 250.00 W, 100 %, 6810 MiB, 69 %, 3, 795 MHz, 0x0000000000000004
2026/09/14 05:33:20.528, 61, 249.50 W, 250.00 W, 95 %, 6810 MiB, 69 %, 3, 1530 MHz, 0x0000000000000000
2026/09/14 05:33:50.529, 59, 238.85 W, 250.00 W, 99 %, 6810 MiB, 69 %, 3, 1530 MHz, 0x0000000000000004
2026/09/14 05:34:20.532, 59, 239.10 W, 250.00 W, 95 %, 6810 MiB, 69 %, 3, 1590 MHz, 0x0000000000000000
2026/09/14 05:34:50.533, 60, 248.34 W, 250.00 W, 99 %, 6810 MiB, 70 %, 3, 1545 MHz, 0x0000000000000004
2026/09/14 05:35:20.535, 60, 249.68 W, 250.00 W, 95 %, 6810 MiB, 70 %, 3, 1515 MHz, 0x0000000000000000
2026/09/14 05:35:50.539, 59, 248.91 W, 250.00 W, 96 %, 6810 MiB, 70 %, 3, 1455 MHz, 0x0000000000000000
2026/09/14 05:36:20.543, 60, 244.15 W, 250.00 W, 95 %, 6810 MiB, 70 %, 3, 1590 MHz, 0x0000000000000000
2026/09/14 05:36:50.545, 60, 240.74 W, 250.00 W, 96 %, 6810 MiB, 69 %, 3, 1590 MHz, 0x0000000000000000
2026/09/14 05:37:20.548, 60, 244.42 W, 250.00 W, 95 %, 6810 MiB, 70 %, 3, 1545 MHz, 0x0000000000000000
2026/09/14 05:37:50.551, 61, 245.29 W, 250.00 W, 95 %, 6810 MiB, 70 %, 3, 1590 MHz, 0x0000000000000004
2026/09/14 05:38:20.553, 60, 244.66 W, 250.00 W, 99 %, 6810 MiB, 70 %, 3, 1530 MHz, 0x0000000000000004
2026/09/14 05:38:50.556, 60, 238.80 W, 250.00 W, 95 %, 6810 MiB, 70 %, 3, 1560 MHz, 0x0000000000000004
2026/09/14 05:39:20.559, 60, 244.57 W, 250.00 W, 96 %, 6810 MiB, 70 %, 3, 1590 MHz, 0x0000000000000004
2026/09/14 05:39:50.561, 57, 126.87 W, 250.00 W, 1 %, 6818 MiB, 70 %, 3, 1590 MHz, 0x0000000000000000
2026/09/14 05:40:20.563, 55, 204.65 W, 250.00 W, 0 %, 7174 MiB, 70 %, 3, 1590 MHz, 0x0000000000000000
2026/09/14 05:40:51.065, 56, 171.36 W, 250.00 W, 91 %, 7174 MiB, 69 %, 3, 1530 MHz, 0x0000000000000000
2026/09/14 05:41:21.068, 56, 218.91 W, 250.00 W, 83 %, 7174 MiB, 68 %, 3, 1575 MHz, 0x0000000000000000
2026/09/14 05:41:51.070, 56, 239.01 W, 250.00 W, 99 %, 7192 MiB, 67 %, 3, 1590 MHz, 0x0000000000000000
2026/09/14 05:42:21.073, 59, 255.16 W, 250.00 W, 95 %, 7192 MiB, 67 %, 3, 1170 MHz, 0x0000000000000004
2026/09/14 05:42:51.076, 59, 242.09 W, 250.00 W, 95 %, 7192 MiB, 67 %, 3, 1560 MHz, 0x0000000000000000
2026/09/14 05:43:21.078, 60, 245.03 W, 250.00 W, 95 %, 7192 MiB, 68 %, 3, 1590 MHz, 0x0000000000000004
2026/09/14 05:43:51.080, 59, 237.56 W, 250.00 W, 95 %, 7192 MiB, 68 %, 3, 1590 MHz, 0x0000000000000004
2026/09/14 05:44:21.082, 60, 248.07 W, 250.00 W, 95 %, 7192 MiB, 68 %, 3, 1560 MHz, 0x0000000000000004
2026/09/14 05:44:51.085, 61, 241.22 W, 250.00 W, 95 %, 7192 MiB, 68 %, 3, 1530 MHz, 0x0000000000000004
2026/09/14 05:45:21.088, 61, 246.50 W, 250.00 W, 100 %, 7192 MiB, 69 %, 3, 1590 MHz, 0x0000000000000004
2026/09/14 05:45:51.090, 61, 242.41 W, 250.00 W, 100 %, 7192 MiB, 69 %, 3, 1590 MHz, 0x0000000000000004
2026/09/14 05:46:21.092, 61, 246.14 W, 250.00 W, 94 %, 7192 MiB, 69 %, 3, 1560 MHz, 0x0000000000000004
2026/09/14 05:46:51.095, 60, 252.43 W, 250.00 W, 95 %, 7192 MiB, 69 %, 3, 810 MHz, 0x0000000000000004
2026/09/14 05:47:21.097, 61, 246.81 W, 250.00 W, 98 %, 7192 MiB, 69 %, 3, 1485 MHz, 0x0000000000000004
2026/09/14 05:47:51.100, 61, 246.04 W, 250.00 W, 96 %, 7192 MiB, 70 %, 3, 1560 MHz, 0x0000000000000000
2026/09/14 05:48:21.102, 61, 243.53 W, 250.00 W, 94 %, 7192 MiB, 70 %, 3, 1590 MHz, 0x0000000000000000
2026/09/14 05:48:51.104, 60, 241.33 W, 250.00 W, 100 %, 7192 MiB, 70 %, 3, 1590 MHz, 0x0000000000000004
2026/09/14 05:49:21.107, 60, 238.73 W, 250.00 W, 95 %, 7192 MiB, 70 %, 3, 1485 MHz, 0x0000000000000004
2026/09/14 05:49:51.109, 60, 243.87 W, 250.00 W, 95 %, 7192 MiB, 70 %, 3, 1545 MHz, 0x0000000000000004
2026/09/14 05:50:21.112, 60, 237.50 W, 250.00 W, 95 %, 7192 MiB, 70 %, 3, 1590 MHz, 0x0000000000000004
2026/09/14 05:50:51.114, 59, 236.66 W, 250.00 W, 95 %, 7192 MiB, 70 %, 3, 1575 MHz, 0x0000000000000004
2026/09/14 05:51:21.117, 60, 242.28 W, 250.00 W, 92 %, 7192 MiB, 70 %, 3, 1545 MHz, 0x0000000000000000
2026/09/14 05:51:51.120, 59, 243.77 W, 250.00 W, 95 %, 7192 MiB, 70 %, 3, 1590 MHz, 0x0000000000000004
2026/09/14 05:52:21.123, 61, 251.07 W, 250.00 W, 100 %, 7192 MiB, 70 %, 3, 1590 MHz, 0x0000000000000004
2026/09/14 05:52:51.126, 60, 237.92 W, 250.00 W, 94 %, 7192 MiB, 70 %, 3, 1545 MHz, 0x0000000000000004
2026/09/14 05:53:21.128, 60, 237.52 W, 250.00 W, 94 %, 7192 MiB, 70 %, 3, 1590 MHz, 0x0000000000000004
2026/09/14 05:53:51.130, 60, 237.87 W, 250.00 W, 100 %, 7192 MiB, 70 %, 3, 1590 MHz, 0x0000000000000004
2026/09/14 05:54:21.133, 60, 241.63 W, 250.00 W, 95 %, 7192 MiB, 70 %, 3, 1515 MHz, 0x0000000000000004
2026/09/14 05:54:51.135, 60, 238.57 W, 250.00 W, 100 %, 7192 MiB, 70 %, 3, 1545 MHz, 0x0000000000000004
2026/09/14 05:55:21.141, 61, 245.37 W, 250.00 W, 99 %, 7192 MiB, 70 %, 3, 1590 MHz, 0x0000000000000000
2026/09/14 05:55:51.143, 60, 245.01 W, 250.00 W, 95 %, 7192 MiB, 70 %, 3, 1575 MHz, 0x0000000000000004
2026/09/14 05:56:21.145, 61, 248.60 W, 250.00 W, 99 %, 7192 MiB, 70 %, 3, 1515 MHz, 0x0000000000000000
2026/09/14 05:56:51.148, 60, 241.58 W, 250.00 W, 100 %, 7192 MiB, 70 %, 3, 1590 MHz, 0x0000000000000004
2026/09/14 05:57:21.151, 60, 243.02 W, 250.00 W, 94 %, 7192 MiB, 70 %, 3, 1560 MHz, 0x0000000000000000
2026/09/14 05:57:51.153, 60, 249.09 W, 250.00 W, 94 %, 7192 MiB, 70 %, 3, 1590 MHz, 0x0000000000000000
2026/09/14 05:58:21.156, 59, 233.90 W, 250.00 W, 91 %, 7192 MiB, 70 %, 3, 1590 MHz, 0x0000000000000000
2026/09/14 05:58:51.158, 59, 228.96 W, 250.00 W, 84 %, 7192 MiB, 70 %, 3, 1590 MHz, 0x0000000000000000
2026/09/14 05:59:21.164, 59, 238.82 W, 250.00 W, 95 %, 7192 MiB, 70 %, 3, 1590 MHz, 0x0000000000000004
2026/09/14 05:59:51.166, 60, 244.12 W, 250.00 W, 95 %, 7192 MiB, 70 %, 3, 1590 MHz, 0x0000000000000004
2026/09/14 06:00:21.168, 59, 246.00 W, 250.00 W, 99 %, 7192 MiB, 70 %, 3, 1590 MHz, 0x0000000000000004
2026/09/14 06:00:51.171, 60, 244.65 W, 250.00 W, 93 %, 7192 MiB, 70 %, 3, 1590 MHz, 0x0000000000000004
2026/09/14 06:01:21.173, 61, 244.06 W, 250.00 W, 100 %, 7192 MiB, 70 %, 3, 1575 MHz, 0x0000000000000000
2026/09/14 06:01:51.176, 60, 237.26 W, 250.00 W, 97 %, 7192 MiB, 70 %, 3, 1515 MHz, 0x0000000000000000
2026/09/14 06:02:21.177, 60, 241.35 W, 250.00 W, 98 %, 7192 MiB, 70 %, 3, 1560 MHz, 0x0000000000000000
2026/09/14 06:02:51.179, 61, 245.71 W, 250.00 W, 99 %, 7192 MiB, 70 %, 3, 1530 MHz, 0x0000000000000004
2026/09/14 06:03:21.186, 60, 245.95 W, 250.00 W, 94 %, 7192 MiB, 70 %, 3, 1575 MHz, 0x0000000000000004
2026/09/14 06:03:51.189, 61, 246.13 W, 250.00 W, 100 %, 7192 MiB, 70 %, 3, 1515 MHz, 0x0000000000000004
2026/09/14 06:04:21.191, 60, 233.23 W, 250.00 W, 94 %, 7192 MiB, 70 %, 3, 1590 MHz, 0x0000000000000004
2026/09/14 06:04:51.193, 60, 239.13 W, 250.00 W, 99 %, 7192 MiB, 70 %, 3, 1590 MHz, 0x0000000000000004
2026/09/14 06:05:21.196, 61, 242.92 W, 250.00 W, 95 %, 7192 MiB, 70 %, 3, 1485 MHz, 0x0000000000000000
2026/09/14 06:05:51.199, 60, 242.26 W, 250.00 W, 95 %, 7192 MiB, 70 %, 3, 1590 MHz, 0x0000000000000004
2026/09/14 06:06:21.201, 61, 249.38 W, 250.00 W, 95 %, 7192 MiB, 70 %, 3, 1575 MHz, 0x0000000000000000
2026/09/14 06:06:51.204, 59, 239.54 W, 250.00 W, 95 %, 7192 MiB, 70 %, 3, 1590 MHz, 0x0000000000000000
2026/09/14 06:07:21.208, 59, 240.18 W, 250.00 W, 97 %, 7192 MiB, 70 %, 3, 1590 MHz, 0x0000000000000004
2026/09/14 06:07:51.210, 60, 248.93 W, 250.00 W, 94 %, 7192 MiB, 70 %, 3, 1590 MHz, 0x0000000000000004
2026/09/14 06:08:21.212, 61, 248.05 W, 250.00 W, 99 %, 7192 MiB, 70 %, 3, 1590 MHz, 0x0000000000000004
2026/09/14 06:08:51.215, 60, 240.29 W, 250.00 W, 95 %, 7192 MiB, 70 %, 3, 1515 MHz, 0x0000000000000000
2026/09/14 06:09:21.218, 60, 244.24 W, 250.00 W, 99 %, 7192 MiB, 70 %, 3, 1530 MHz, 0x0000000000000004
2026/09/14 06:09:51.221, 60, 244.15 W, 250.00 W, 94 %, 7192 MiB, 70 %, 3, 1590 MHz, 0x0000000000000004
2026/09/14 06:10:21.223, 61, 248.31 W, 250.00 W, 94 %, 7192 MiB, 70 %, 3, 1560 MHz, 0x0000000000000004
2026/09/14 06:10:51.226, 60, 241.17 W, 250.00 W, 95 %, 7192 MiB, 70 %, 3, 1560 MHz, 0x0000000000000000
2026/09/14 06:11:21.228, 61, 246.30 W, 250.00 W, 100 %, 7192 MiB, 70 %, 3, 1500 MHz, 0x0000000000000004
2026/09/14 06:11:51.231, 60, 241.77 W, 250.00 W, 100 %, 7192 MiB, 70 %, 3, 1590 MHz, 0x0000000000000004
2026/09/14 06:12:21.233, 60, 243.78 W, 250.00 W, 95 %, 7192 MiB, 70 %, 3, 1590 MHz, 0x0000000000000004
2026/09/14 06:12:51.236, 60, 243.39 W, 250.00 W, 100 %, 7192 MiB, 70 %, 3, 1590 MHz, 0x0000000000000004
2026/09/14 06:13:21.238, 60, 245.65 W, 250.00 W, 95 %, 7192 MiB, 70 %, 3, 1485 MHz, 0x0000000000000004
2026/09/14 06:13:51.241, 61, 245.23 W, 250.00 W, 95 %, 7192 MiB, 70 %, 3, 1545 MHz, 0x0000000000000000
2026/09/14 06:14:21.243, 60, 244.98 W, 250.00 W, 98 %, 7192 MiB, 70 %, 3, 1575 MHz, 0x0000000000000004
2026/09/14 06:14:51.245, 60, 242.72 W, 250.00 W, 99 %, 7192 MiB, 70 %, 3, 1560 MHz, 0x0000000000000004
2026/09/14 06:15:21.247, 60, 239.79 W, 250.00 W, 96 %, 7192 MiB, 70 %, 3, 1560 MHz, 0x0000000000000000
2026/09/14 06:15:51.250, 55, 178.88 W, 250.00 W, 63 %, 7192 MiB, 70 %, 3, 1590 MHz, 0x0000000000000000
2026/09/14 06:16:21.253, 56, 197.32 W, 250.00 W, 85 %, 7192 MiB, 69 %, 3, 1590 MHz, 0x0000000000000000
2026/09/14 06:16:51.255, 52, 154.59 W, 250.00 W, 0 %, 7192 MiB, 69 %, 3, 1590 MHz, 0x0000000000000000
2026/09/14 06:17:21.257, 56, 241.34 W, 250.00 W, 99 %, 7194 MiB, 68 %, 3, 1545 MHz, 0x0000000000000000
2026/09/14 06:17:51.259, 58, 241.46 W, 250.00 W, 93 %, 7194 MiB, 68 %, 3, 1590 MHz, 0x0000000000000000
2026/09/14 06:18:21.262, 60, 243.46 W, 250.00 W, 94 %, 7194 MiB, 68 %, 3, 1515 MHz, 0x0000000000000000
2026/09/14 06:18:51.264, 60, 227.58 W, 250.00 W, 100 %, 7194 MiB, 68 %, 3, 1560 MHz, 0x0000000000000000
2026/09/14 06:19:21.266, 60, 244.09 W, 250.00 W, 94 %, 7194 MiB, 68 %, 3, 1590 MHz, 0x0000000000000004
2026/09/14 06:19:51.269, 61, 246.75 W, 250.00 W, 94 %, 7194 MiB, 69 %, 3, 1590 MHz, 0x0000000000000004
2026/09/14 06:20:21.271, 62, 257.28 W, 250.00 W, 98 %, 7194 MiB, 69 %, 3, 1590 MHz, 0x0000000000000004
2026/09/14 06:20:51.274, 60, 243.17 W, 250.00 W, 99 %, 7194 MiB, 69 %, 3, 1590 MHz, 0x0000000000000004
2026/09/14 06:21:21.276, 62, 246.64 W, 250.00 W, 95 %, 7194 MiB, 69 %, 3, 1530 MHz, 0x0000000000000000
2026/09/14 06:21:51.279, 60, 238.90 W, 250.00 W, 100 %, 7194 MiB, 69 %, 3, 1590 MHz, 0x0000000000000004
2026/09/14 06:22:21.281, 60, 247.12 W, 250.00 W, 95 %, 7194 MiB, 70 %, 3, 1530 MHz, 0x0000000000000004
2026/09/14 06:22:51.283, 60, 238.99 W, 250.00 W, 99 %, 7194 MiB, 70 %, 3, 1545 MHz, 0x0000000000000004
2026/09/14 06:23:21.286, 61, 248.60 W, 250.00 W, 99 %, 7194 MiB, 70 %, 3, 1590 MHz, 0x0000000000000004
2026/09/14 06:23:51.288, 60, 242.61 W, 250.00 W, 95 %, 7194 MiB, 70 %, 3, 1560 MHz, 0x0000000000000004
2026/09/14 06:24:21.290, 60, 242.12 W, 250.00 W, 99 %, 7194 MiB, 70 %, 3, 1545 MHz, 0x0000000000000004
2026/09/14 06:24:51.293, 59, 247.23 W, 250.00 W, 99 %, 7194 MiB, 70 %, 3, 1590 MHz, 0x0000000000000000
2026/09/14 06:25:21.295, 60, 239.28 W, 250.00 W, 95 %, 7194 MiB, 70 %, 3, 1545 MHz, 0x0000000000000000
2026/09/14 06:25:51.298, 61, 244.59 W, 250.00 W, 95 %, 7194 MiB, 70 %, 3, 1590 MHz, 0x0000000000000000
2026/09/14 06:26:21.300, 60, 241.89 W, 250.00 W, 94 %, 7194 MiB, 70 %, 3, 1590 MHz, 0x0000000000000004
2026/09/14 06:26:51.303, 60, 244.65 W, 250.00 W, 94 %, 7194 MiB, 70 %, 3, 1530 MHz, 0x0000000000000000
2026/09/14 06:27:21.305, 61, 240.75 W, 250.00 W, 95 %, 7194 MiB, 70 %, 3, 1590 MHz, 0x0000000000000000
2026/09/14 06:27:51.307, 62, 257.05 W, 250.00 W, 99 %, 7194 MiB, 70 %, 3, 525 MHz, 0x0000000000000004
2026/09/14 06:28:21.310, 61, 245.35 W, 250.00 W, 99 %, 7194 MiB, 70 %, 3, 1590 MHz, 0x0000000000000000
2026/09/14 06:28:51.322, 60, 243.63 W, 250.00 W, 95 %, 7194 MiB, 70 %, 3, 1590 MHz, 0x0000000000000000
2026/09/14 06:29:21.325, 61, 245.09 W, 250.00 W, 95 %, 7194 MiB, 70 %, 3, 1545 MHz, 0x0000000000000000
2026/09/14 06:29:51.327, 60, 243.49 W, 250.00 W, 94 %, 7194 MiB, 70 %, 3, 1530 MHz, 0x0000000000000004
2026/09/14 06:30:21.330, 60, 238.82 W, 250.00 W, 99 %, 7194 MiB, 70 %, 3, 1560 MHz, 0x0000000000000004
2026/09/14 06:30:51.332, 61, 246.64 W, 250.00 W, 100 %, 7194 MiB, 70 %, 3, 1545 MHz, 0x0000000000000004
2026/09/14 06:31:21.335, 61, 246.64 W, 250.00 W, 96 %, 7194 MiB, 70 %, 3, 1590 MHz, 0x0000000000000004
2026/09/14 06:31:51.337, 60, 250.24 W, 250.00 W, 94 %, 7194 MiB, 70 %, 3, 1485 MHz, 0x0000000000000000
2026/09/14 06:32:21.339, 60, 247.93 W, 250.00 W, 93 %, 7194 MiB, 70 %, 3, 1500 MHz, 0x0000000000000004
2026/09/14 06:32:51.342, 60, 249.32 W, 250.00 W, 95 %, 7194 MiB, 70 %, 3, 1530 MHz, 0x0000000000000000
2026/09/14 06:33:21.344, 60, 241.07 W, 250.00 W, 99 %, 7194 MiB, 70 %, 3, 1590 MHz, 0x0000000000000004
2026/09/14 06:33:51.346, 59, 232.72 W, 250.00 W, 92 %, 7194 MiB, 70 %, 3, 1590 MHz, 0x0000000000000004
2026/09/14 06:34:21.349, 60, 242.46 W, 250.00 W, 93 %, 7194 MiB, 70 %, 3, 1485 MHz, 0x0000000000000004
2026/09/14 06:34:51.351, 58, 244.02 W, 250.00 W, 100 %, 7194 MiB, 70 %, 3, 1530 MHz, 0x0000000000000004
2026/09/14 06:35:21.353, 60, 243.04 W, 250.00 W, 95 %, 7194 MiB, 69 %, 3, 1515 MHz, 0x0000000000000004
2026/09/14 06:35:51.355, 60, 250.48 W, 250.00 W, 95 %, 7194 MiB, 69 %, 3, 1590 MHz, 0x0000000000000000
2026/09/14 06:36:21.358, 59, 236.82 W, 250.00 W, 93 %, 7194 MiB, 69 %, 3, 1590 MHz, 0x0000000000000004
2026/09/14 06:36:51.360, 61, 245.80 W, 250.00 W, 100 %, 7194 MiB, 69 %, 3, 1470 MHz, 0x0000000000000004
2026/09/14 06:37:21.362, 60, 240.28 W, 250.00 W, 100 %, 7194 MiB, 69 %, 3, 1545 MHz, 0x0000000000000004
2026/09/14 06:37:51.365, 60, 250.25 W, 250.00 W, 94 %, 7194 MiB, 70 %, 3, 1425 MHz, 0x0000000000000000
2026/09/14 06:38:21.367, 60, 237.22 W, 250.00 W, 95 %, 7194 MiB, 70 %, 3, 1590 MHz, 0x0000000000000000
2026/09/14 06:38:51.369, 61, 243.74 W, 250.00 W, 99 %, 7194 MiB, 70 %, 3, 1515 MHz, 0x0000000000000004
2026/09/14 06:39:21.372, 60, 236.37 W, 250.00 W, 98 %, 7194 MiB, 70 %, 3, 1590 MHz, 0x0000000000000004
2026/09/14 06:39:51.374, 60, 247.56 W, 250.00 W, 94 %, 7194 MiB, 70 %, 3, 1590 MHz, 0x0000000000000004
2026/09/14 06:40:21.376, 60, 246.63 W, 250.00 W, 100 %, 7194 MiB, 70 %, 3, 1590 MHz, 0x0000000000000000
2026/09/14 06:40:51.377, 60, 241.20 W, 250.00 W, 94 %, 7194 MiB, 70 %, 3, 1590 MHz, 0x0000000000000004
2026/09/14 06:41:21.380, 61, 246.17 W, 250.00 W, 99 %, 7194 MiB, 70 %, 3, 1590 MHz, 0x0000000000000004
2026/09/14 06:41:51.382, 61, 245.74 W, 250.00 W, 95 %, 7194 MiB, 70 %, 3, 1590 MHz, 0x0000000000000000
2026/09/14 06:42:21.384, 60, 245.96 W, 250.00 W, 100 %, 7194 MiB, 70 %, 3, 1515 MHz, 0x0000000000000004
2026/09/14 06:42:51.386, 60, 247.47 W, 250.00 W, 100 %, 7194 MiB, 70 %, 3, 1590 MHz, 0x0000000000000004
2026/09/14 06:43:21.388, 61, 249.75 W, 250.00 W, 100 %, 7194 MiB, 70 %, 3, 1590 MHz, 0x0000000000000000
2026/09/14 06:43:51.390, 61, 246.96 W, 250.00 W, 94 %, 7194 MiB, 70 %, 3, 1590 MHz, 0x0000000000000000
2026/09/14 06:44:21.392, 61, 244.70 W, 250.00 W, 95 %, 7194 MiB, 70 %, 3, 1545 MHz, 0x0000000000000000
2026/09/14 06:44:51.395, 61, 244.44 W, 250.00 W, 95 %, 7194 MiB, 70 %, 3, 1575 MHz, 0x0000000000000000
2026/09/14 06:45:21.398, 60, 237.10 W, 250.00 W, 100 %, 7194 MiB, 70 %, 3, 1590 MHz, 0x0000000000000000
2026/09/14 06:45:51.401, 60, 239.96 W, 250.00 W, 95 %, 7194 MiB, 70 %, 3, 1590 MHz, 0x0000000000000004
2026/09/14 06:46:21.403, 60, 241.48 W, 250.00 W, 99 %, 7194 MiB, 70 %, 3, 1590 MHz, 0x0000000000000000
2026/09/14 06:46:51.406, 60, 242.49 W, 250.00 W, 100 %, 7194 MiB, 70 %, 3, 1575 MHz, 0x0000000000000004
2026/09/14 06:47:21.408, 61, 246.18 W, 250.00 W, 95 %, 7194 MiB, 70 %, 3, 1590 MHz, 0x0000000000000004
2026/09/14 06:47:51.411, 60, 238.69 W, 250.00 W, 94 %, 7194 MiB, 70 %, 3, 1575 MHz, 0x0000000000000000
2026/09/14 06:48:21.414, 60, 239.46 W, 250.00 W, 94 %, 7194 MiB, 70 %, 3, 1590 MHz, 0x0000000000000000
2026/09/14 06:48:51.416, 60, 242.31 W, 250.00 W, 95 %, 7194 MiB, 70 %, 3, 1590 MHz, 0x0000000000000004
2026/09/14 06:49:21.418, 61, 247.17 W, 250.00 W, 94 %, 7194 MiB, 70 %, 3, 1590 MHz, 0x0000000000000000
2026/09/14 06:49:51.421, 60, 240.56 W, 250.00 W, 95 %, 7194 MiB, 70 %, 3, 1560 MHz, 0x0000000000000000
2026/09/14 06:50:21.423, 61, 242.63 W, 250.00 W, 100 %, 7194 MiB, 70 %, 3, 1590 MHz, 0x0000000000000000
2026/09/14 06:50:51.425, 61, 252.00 W, 250.00 W, 93 %, 7194 MiB, 70 %, 3, 1575 MHz, 0x0000000000000000
2026/09/14 06:51:21.428, 61, 236.55 W, 250.00 W, 92 %, 7194 MiB, 70 %, 3, 1440 MHz, 0x0000000000000004
2026/09/14 06:51:51.430, 57, 162.65 W, 250.00 W, 0 %, 7194 MiB, 70 %, 3, 1515 MHz, 0x0000000000000000
2026/09/14 06:52:21.432, 57, 230.50 W, 250.00 W, 92 %, 7194 MiB, 69 %, 3, 1560 MHz, 0x0000000000000004
2026/09/14 06:52:51.434, 59, 242.29 W, 250.00 W, 95 %, 7194 MiB, 69 %, 3, 1590 MHz, 0x0000000000000004
2026/09/14 06:53:21.436, 59, 246.16 W, 250.00 W, 99 %, 7194 MiB, 69 %, 3, 1590 MHz, 0x0000000000000004
2026/09/14 06:53:51.438, 60, 242.27 W, 250.00 W, 100 %, 7194 MiB, 69 %, 3, 1575 MHz, 0x0000000000000004
2026/09/14 06:54:21.440, 60, 241.04 W, 250.00 W, 100 %, 7194 MiB, 69 %, 3, 1590 MHz, 0x0000000000000000
2026/09/14 06:54:51.443, 60, 237.37 W, 250.00 W, 95 %, 7194 MiB, 69 %, 3, 1590 MHz, 0x0000000000000000
2026/09/14 06:55:21.445, 61, 242.52 W, 250.00 W, 95 %, 7194 MiB, 69 %, 3, 1575 MHz, 0x0000000000000004
2026/09/14 06:55:51.448, 60, 241.51 W, 250.00 W, 98 %, 7194 MiB, 69 %, 3, 1590 MHz, 0x0000000000000004
2026/09/14 06:56:21.450, 60, 244.60 W, 250.00 W, 95 %, 7194 MiB, 70 %, 3, 1575 MHz, 0x0000000000000004
2026/09/14 06:56:51.453, 60, 241.91 W, 250.00 W, 99 %, 7194 MiB, 70 %, 3, 1590 MHz, 0x0000000000000004
2026/09/14 06:57:21.455, 60, 247.06 W, 250.00 W, 99 %, 7194 MiB, 70 %, 3, 1590 MHz, 0x0000000000000004
2026/09/14 06:57:51.458, 61, 246.97 W, 250.00 W, 95 %, 7194 MiB, 70 %, 3, 1590 MHz, 0x0000000000000000
2026/09/14 06:58:21.460, 60, 241.23 W, 250.00 W, 94 %, 7194 MiB, 70 %, 3, 1590 MHz, 0x0000000000000000
2026/09/14 06:58:51.463, 61, 244.70 W, 250.00 W, 94 %, 7194 MiB, 70 %, 3, 1530 MHz, 0x0000000000000000
2026/09/14 06:59:21.465, 61, 250.49 W, 250.00 W, 99 %, 7194 MiB, 70 %, 3, 1530 MHz, 0x0000000000000004
2026/09/14 06:59:51.467, 60, 236.81 W, 250.00 W, 99 %, 7194 MiB, 70 %, 3, 1590 MHz, 0x0000000000000000
2026/09/14 07:00:21.469, 61, 248.40 W, 250.00 W, 95 %, 7194 MiB, 70 %, 3, 1590 MHz, 0x0000000000000000
2026/09/14 07:00:51.472, 61, 249.48 W, 250.00 W, 100 %, 7194 MiB, 70 %, 3, 1590 MHz, 0x0000000000000004
2026/09/14 07:01:21.474, 60, 243.74 W, 250.00 W, 100 %, 7194 MiB, 70 %, 3, 1545 MHz, 0x0000000000000004
2026/09/14 07:01:51.477, 60, 246.91 W, 250.00 W, 95 %, 7194 MiB, 70 %, 3, 1560 MHz, 0x0000000000000000
2026/09/14 07:02:21.480, 60, 242.76 W, 250.00 W, 100 %, 7194 MiB, 70 %, 3, 1545 MHz, 0x0000000000000000
2026/09/14 07:02:51.487, 60, 245.46 W, 250.00 W, 95 %, 7194 MiB, 70 %, 3, 1530 MHz, 0x0000000000000004
2026/09/14 07:03:21.489, 61, 244.79 W, 250.00 W, 100 %, 7194 MiB, 70 %, 3, 1560 MHz, 0x0000000000000004
2026/09/14 07:03:51.492, 60, 242.95 W, 250.00 W, 94 %, 7194 MiB, 70 %, 3, 1590 MHz, 0x0000000000000000
2026/09/14 07:04:21.494, 60, 234.71 W, 250.00 W, 95 %, 7194 MiB, 70 %, 3, 1590 MHz, 0x0000000000000004
2026/09/14 07:04:51.497, 61, 239.18 W, 250.00 W, 95 %, 7194 MiB, 70 %, 3, 1590 MHz, 0x0000000000000004
2026/09/14 07:05:21.499, 61, 243.63 W, 250.00 W, 94 %, 7194 MiB, 70 %, 3, 1590 MHz, 0x0000000000000000
2026/09/14 07:05:51.501, 61, 247.41 W, 250.00 W, 99 %, 7194 MiB, 70 %, 3, 1590 MHz, 0x0000000000000000
2026/09/14 07:06:21.504, 60, 236.90 W, 250.00 W, 97 %, 7194 MiB, 70 %, 3, 1590 MHz, 0x0000000000000004
2026/09/14 07:06:51.510, 61, 243.16 W, 250.00 W, 95 %, 7194 MiB, 70 %, 3, 1590 MHz, 0x0000000000000004
2026/09/14 07:07:21.513, 61, 255.17 W, 250.00 W, 99 %, 7194 MiB, 70 %, 3, 945 MHz, 0x0000000000000004
2026/09/14 07:07:51.516, 60, 240.69 W, 250.00 W, 99 %, 7194 MiB, 70 %, 3, 1590 MHz, 0x0000000000000004
2026/09/14 07:08:21.518, 60, 241.08 W, 250.00 W, 94 %, 7194 MiB, 70 %, 3, 1590 MHz, 0x0000000000000000
2026/09/14 07:08:51.520, 60, 225.54 W, 250.00 W, 98 %, 7194 MiB, 70 %, 3, 1590 MHz, 0x0000000000000004
2026/09/14 07:09:21.523, 59, 247.71 W, 250.00 W, 84 %, 7194 MiB, 70 %, 3, 1080 MHz, 0x0000000000000004
2026/09/14 07:09:51.525, 59, 227.78 W, 250.00 W, 83 %, 7194 MiB, 70 %, 3, 1590 MHz, 0x0000000000000000
2026/09/14 07:10:21.526, 58, 248.18 W, 250.00 W, 99 %, 7194 MiB, 70 %, 3, 1590 MHz, 0x0000000000000000
2026/09/14 07:10:51.529, 58, 241.47 W, 250.00 W, 100 %, 7194 MiB, 69 %, 3, 1575 MHz, 0x0000000000000004
2026/09/14 07:11:21.532, 60, 239.78 W, 250.00 W, 95 %, 7194 MiB, 69 %, 3, 1560 MHz, 0x0000000000000000
2026/09/14 07:11:51.534, 60, 246.72 W, 250.00 W, 94 %, 7194 MiB, 69 %, 3, 1590 MHz, 0x0000000000000004
2026/09/14 07:12:21.537, 60, 237.98 W, 250.00 W, 100 %, 7194 MiB, 69 %, 3, 1590 MHz, 0x0000000000000004
2026/09/14 07:12:51.539, 60, 245.64 W, 250.00 W, 100 %, 7194 MiB, 70 %, 3, 1575 MHz, 0x0000000000000004
2026/09/14 07:13:21.541, 61, 241.00 W, 250.00 W, 93 %, 7194 MiB, 70 %, 3, 1530 MHz, 0x0000000000000000
2026/09/14 07:13:51.544, 60, 240.39 W, 250.00 W, 100 %, 7194 MiB, 70 %, 3, 1575 MHz, 0x0000000000000004
2026/09/14 07:14:21.547, 61, 245.85 W, 250.00 W, 95 %, 7194 MiB, 70 %, 3, 1575 MHz, 0x0000000000000004
2026/09/14 07:14:51.549, 60, 240.57 W, 250.00 W, 95 %, 7194 MiB, 70 %, 3, 1545 MHz, 0x0000000000000000
2026/09/14 07:15:21.552, 61, 243.05 W, 250.00 W, 100 %, 7194 MiB, 70 %, 3, 1515 MHz, 0x0000000000000004
2026/09/14 07:15:51.554, 59, 235.57 W, 250.00 W, 99 %, 7194 MiB, 70 %, 3, 1590 MHz, 0x0000000000000004
2026/09/14 07:16:21.557, 60, 238.36 W, 250.00 W, 95 %, 7194 MiB, 70 %, 3, 1590 MHz, 0x0000000000000000
2026/09/14 07:16:51.559, 61, 248.40 W, 250.00 W, 95 %, 7194 MiB, 70 %, 3, 1590 MHz, 0x0000000000000000
2026/09/14 07:17:21.562, 61, 241.38 W, 250.00 W, 96 %, 7194 MiB, 70 %, 3, 1590 MHz, 0x0000000000000000
2026/09/14 07:17:51.565, 60, 237.59 W, 250.00 W, 94 %, 7194 MiB, 70 %, 3, 1575 MHz, 0x0000000000000000
2026/09/14 07:18:21.567, 61, 249.35 W, 250.00 W, 95 %, 7194 MiB, 70 %, 3, 1590 MHz, 0x0000000000000000
2026/09/14 07:18:51.571, 61, 249.94 W, 250.00 W, 95 %, 7194 MiB, 70 %, 3, 1590 MHz, 0x0000000000000004
2026/09/14 07:19:21.573, 61, 243.53 W, 250.00 W, 94 %, 7194 MiB, 70 %, 3, 1575 MHz, 0x0000000000000000
2026/09/14 07:19:51.575, 61, 249.98 W, 250.00 W, 95 %, 7194 MiB, 70 %, 3, 1590 MHz, 0x0000000000000004
2026/09/14 07:20:21.577, 61, 246.57 W, 250.00 W, 100 %, 7194 MiB, 70 %, 3, 1515 MHz, 0x0000000000000004
2026/09/14 07:20:51.579, 60, 243.31 W, 250.00 W, 95 %, 7194 MiB, 70 %, 3, 1545 MHz, 0x0000000000000000
2026/09/14 07:21:21.582, 61, 242.45 W, 250.00 W, 100 %, 7194 MiB, 70 %, 3, 1560 MHz, 0x0000000000000004
2026/09/14 07:21:51.585, 61, 248.43 W, 250.00 W, 97 %, 7194 MiB, 70 %, 3, 1590 MHz, 0x0000000000000004
2026/09/14 07:22:21.587, 61, 242.38 W, 250.00 W, 94 %, 7194 MiB, 70 %, 3, 1590 MHz, 0x0000000000000000
2026/09/14 07:22:51.589, 60, 241.87 W, 250.00 W, 100 %, 7194 MiB, 70 %, 3, 1590 MHz, 0x0000000000000004
2026/09/14 07:23:21.593, 61, 246.66 W, 250.00 W, 95 %, 7194 MiB, 70 %, 3, 1530 MHz, 0x0000000000000004
2026/09/14 07:23:51.595, 60, 240.20 W, 250.00 W, 100 %, 7194 MiB, 70 %, 3, 1590 MHz, 0x0000000000000004
2026/09/14 07:24:21.598, 61, 248.44 W, 250.00 W, 95 %, 7194 MiB, 70 %, 3, 1485 MHz, 0x0000000000000004
2026/09/14 07:24:51.601, 60, 243.42 W, 250.00 W, 99 %, 7194 MiB, 70 %, 3, 1590 MHz, 0x0000000000000000
2026/09/14 07:25:21.603, 60, 237.73 W, 250.00 W, 98 %, 7194 MiB, 70 %, 3, 1545 MHz, 0x0000000000000004
2026/09/14 07:25:51.606, 60, 242.09 W, 250.00 W, 94 %, 7194 MiB, 70 %, 3, 1590 MHz, 0x0000000000000000
2026/09/14 07:26:21.608, 62, 254.50 W, 250.00 W, 94 %, 7194 MiB, 70 %, 3, 1590 MHz, 0x0000000000000004
2026/09/14 07:26:51.610, 59, 223.52 W, 250.00 W, 86 %, 7194 MiB, 70 %, 3, 1575 MHz, 0x0000000000000004
2026/09/14 07:27:21.612, 58, 228.66 W, 250.00 W, 91 %, 7194 MiB, 70 %, 3, 1575 MHz, 0x0000000000000004
2026/09/14 07:27:51.614, 56, 162.59 W, 250.00 W, 0 %, 7194 MiB, 69 %, 3, 1440 MHz, 0x0000000000000004
2026/09/14 07:28:21.616, 58, 246.34 W, 250.00 W, 100 %, 7194 MiB, 69 %, 3, 1590 MHz, 0x0000000000000000
2026/09/14 07:28:51.619, 59, 242.60 W, 250.00 W, 95 %, 7194 MiB, 69 %, 3, 1590 MHz, 0x0000000000000004
2026/09/14 07:29:21.632, 59, 241.69 W, 250.00 W, 100 %, 7194 MiB, 69 %, 3, 1590 MHz, 0x0000000000000004
2026/09/14 07:29:51.634, 59, 236.89 W, 250.00 W, 95 %, 7194 MiB, 69 %, 3, 1590 MHz, 0x0000000000000004
2026/09/14 07:30:21.636, 60, 244.90 W, 250.00 W, 100 %, 7194 MiB, 69 %, 3, 1575 MHz, 0x0000000000000004
2026/09/14 07:30:51.638, 60, 241.98 W, 250.00 W, 99 %, 7194 MiB, 69 %, 3, 1590 MHz, 0x0000000000000000
2026/09/14 07:31:21.641, 61, 242.46 W, 250.00 W, 95 %, 7194 MiB, 69 %, 3, 1515 MHz, 0x0000000000000000
2026/09/14 07:31:51.643, 62, 246.46 W, 250.00 W, 95 %, 7194 MiB, 70 %, 3, 1560 MHz, 0x0000000000000000
2026/09/14 07:32:21.645, 61, 244.19 W, 250.00 W, 94 %, 7194 MiB, 70 %, 3, 1560 MHz, 0x0000000000000000
2026/09/14 07:32:51.648, 61, 244.25 W, 250.00 W, 94 %, 7194 MiB, 70 %, 3, 1560 MHz, 0x0000000000000004
2026/09/14 07:33:21.650, 61, 237.02 W, 250.00 W, 95 %, 7194 MiB, 70 %, 3, 1590 MHz, 0x0000000000000004
2026/09/14 07:33:51.652, 60, 248.78 W, 250.00 W, 95 %, 7194 MiB, 70 %, 3, 1380 MHz, 0x0000000000000004
2026/09/14 07:34:21.655, 61, 249.50 W, 250.00 W, 95 %, 7194 MiB, 70 %, 3, 1590 MHz, 0x0000000000000004
2026/09/14 07:34:51.657, 60, 240.21 W, 250.00 W, 95 %, 7194 MiB, 70 %, 3, 1530 MHz, 0x0000000000000004
2026/09/14 07:35:21.660, 60, 240.22 W, 250.00 W, 95 %, 7194 MiB, 70 %, 3, 1560 MHz, 0x0000000000000004
2026/09/14 07:35:51.662, 60, 244.70 W, 250.00 W, 99 %, 7194 MiB, 70 %, 3, 1560 MHz, 0x0000000000000000
2026/09/14 07:36:21.664, 61, 248.84 W, 250.00 W, 94 %, 7194 MiB, 70 %, 3, 1530 MHz, 0x0000000000000000
2026/09/14 07:36:51.666, 60, 242.48 W, 250.00 W, 96 %, 7194 MiB, 70 %, 3, 1590 MHz, 0x0000000000000000
2026/09/14 07:37:21.669, 61, 246.99 W, 250.00 W, 95 %, 7194 MiB, 70 %, 3, 1545 MHz, 0x0000000000000000
2026/09/14 07:37:51.671, 60, 234.37 W, 250.00 W, 95 %, 7194 MiB, 70 %, 3, 1560 MHz, 0x0000000000000004
2026/09/14 07:38:21.674, 60, 239.46 W, 250.00 W, 95 %, 7194 MiB, 70 %, 3, 1590 MHz, 0x0000000000000004
2026/09/14 07:38:51.676, 60, 245.78 W, 250.00 W, 93 %, 7194 MiB, 70 %, 3, 1590 MHz, 0x0000000000000000
2026/09/14 07:39:21.679, 61, 245.05 W, 250.00 W, 95 %, 7194 MiB, 70 %, 3, 1560 MHz, 0x0000000000000004
2026/09/14 07:39:51.681, 60, 245.23 W, 250.00 W, 100 %, 7194 MiB, 70 %, 3, 1590 MHz, 0x0000000000000004
2026/09/14 07:40:21.683, 61, 241.55 W, 250.00 W, 95 %, 7194 MiB, 70 %, 3, 1560 MHz, 0x0000000000000000
2026/09/14 07:40:51.686, 60, 243.80 W, 250.00 W, 96 %, 7194 MiB, 70 %, 3, 1590 MHz, 0x0000000000000004
2026/09/14 07:41:21.688, 61, 246.24 W, 250.00 W, 94 %, 7194 MiB, 70 %, 3, 1575 MHz, 0x0000000000000000
2026/09/14 07:41:51.691, 60, 248.10 W, 250.00 W, 94 %, 7194 MiB, 70 %, 3, 1590 MHz, 0x0000000000000004
2026/09/14 07:42:21.693, 60, 240.14 W, 250.00 W, 94 %, 7194 MiB, 70 %, 3, 1575 MHz, 0x0000000000000000
2026/09/14 07:42:51.696, 61, 242.73 W, 250.00 W, 99 %, 7194 MiB, 70 %, 3, 1500 MHz, 0x0000000000000004
2026/09/14 07:43:21.698, 61, 243.44 W, 250.00 W, 95 %, 7194 MiB, 70 %, 3, 1545 MHz, 0x0000000000000000
2026/09/14 07:43:51.701, 61, 241.34 W, 250.00 W, 95 %, 7194 MiB, 70 %, 3, 1545 MHz, 0x0000000000000004
2026/09/14 07:44:21.703, 61, 246.58 W, 250.00 W, 94 %, 7194 MiB, 70 %, 3, 1590 MHz, 0x0000000000000000
2026/09/14 07:44:51.705, 57, 236.97 W, 250.00 W, 90 %, 7194 MiB, 70 %, 3, 1050 MHz, 0x0000000000000000
2026/09/14 07:45:21.707, 55, 208.74 W, 250.00 W, 85 %, 7194 MiB, 70 %, 3, 1590 MHz, 0x0000000000000000
2026/09/14 07:45:51.709, 57, 226.85 W, 250.00 W, 81 %, 7194 MiB, 69 %, 3, 1575 MHz, 0x0000000000000000
2026/09/14 07:46:21.712, 59, 240.48 W, 250.00 W, 95 %, 7194 MiB, 69 %, 3, 1590 MHz, 0x0000000000000000
2026/09/14 07:46:51.715, 59, 239.00 W, 250.00 W, 99 %, 7194 MiB, 69 %, 3, 1560 MHz, 0x0000000000000004
2026/09/14 07:47:21.717, 59, 242.70 W, 250.00 W, 99 %, 7194 MiB, 69 %, 3, 1590 MHz, 0x0000000000000004
2026/09/14 07:47:51.719, 60, 239.88 W, 250.00 W, 99 %, 7194 MiB, 69 %, 3, 1590 MHz, 0x0000000000000004
2026/09/14 07:48:21.722, 60, 246.55 W, 250.00 W, 99 %, 7194 MiB, 69 %, 3, 1560 MHz, 0x0000000000000004
2026/09/14 07:48:51.724, 60, 242.06 W, 250.00 W, 95 %, 7194 MiB, 69 %, 3, 1590 MHz, 0x0000000000000004
2026/09/14 07:49:21.726, 61, 243.93 W, 250.00 W, 100 %, 7194 MiB, 69 %, 3, 1590 MHz, 0x0000000000000004
2026/09/14 07:49:51.729, 61, 244.37 W, 250.00 W, 94 %, 7194 MiB, 70 %, 3, 1575 MHz, 0x0000000000000000
2026/09/14 07:50:21.731, 60, 247.33 W, 250.00 W, 99 %, 7194 MiB, 70 %, 3, 1470 MHz, 0x0000000000000000
2026/09/14 07:50:51.733, 61, 245.92 W, 250.00 W, 94 %, 7194 MiB, 70 %, 3, 1590 MHz, 0x0000000000000004
2026/09/14 07:51:21.735, 61, 243.38 W, 250.00 W, 95 %, 7194 MiB, 70 %, 3, 1575 MHz, 0x0000000000000004
2026/09/14 07:51:51.738, 61, 247.81 W, 250.00 W, 100 %, 7194 MiB, 70 %, 3, 1485 MHz, 0x0000000000000004
2026/09/14 07:52:21.741, 61, 244.02 W, 250.00 W, 95 %, 7194 MiB, 70 %, 3, 1590 MHz, 0x0000000000000004
2026/09/14 07:52:51.743, 60, 236.53 W, 250.00 W, 100 %, 7194 MiB, 70 %, 3, 1545 MHz, 0x0000000000000000
2026/09/14 07:53:21.746, 61, 252.95 W, 250.00 W, 95 %, 7194 MiB, 70 %, 3, 1515 MHz, 0x0000000000000004
2026/09/14 07:53:51.749, 60, 242.66 W, 250.00 W, 95 %, 7194 MiB, 70 %, 3, 1530 MHz, 0x0000000000000000
2026/09/14 07:54:21.751, 60, 242.93 W, 250.00 W, 100 %, 7194 MiB, 70 %, 3, 1590 MHz, 0x0000000000000004
2026/09/14 07:54:51.754, 60, 247.16 W, 250.00 W, 95 %, 7194 MiB, 70 %, 3, 1590 MHz, 0x0000000000000000
2026/09/14 07:55:21.757, 61, 247.86 W, 250.00 W, 97 %, 7194 MiB, 70 %, 3, 1395 MHz, 0x0000000000000004
2026/09/14 07:55:51.759, 60, 243.26 W, 250.00 W, 100 %, 7194 MiB, 70 %, 3, 1590 MHz, 0x0000000000000004
2026/09/14 07:56:21.761, 61, 243.18 W, 250.00 W, 95 %, 7194 MiB, 70 %, 3, 1590 MHz, 0x0000000000000000
2026/09/14 07:56:51.764, 61, 245.68 W, 250.00 W, 95 %, 7194 MiB, 70 %, 3, 1560 MHz, 0x0000000000000004
2026/09/14 07:57:21.766, 61, 242.57 W, 250.00 W, 95 %, 7194 MiB, 70 %, 3, 1560 MHz, 0x0000000000000004
2026/09/14 07:57:51.768, 60, 242.04 W, 250.00 W, 95 %, 7194 MiB, 70 %, 3, 1590 MHz, 0x0000000000000004
2026/09/14 07:58:21.770, 61, 242.22 W, 250.00 W, 95 %, 7194 MiB, 70 %, 3, 1590 MHz, 0x0000000000000004
2026/09/14 07:58:51.772, 60, 242.18 W, 250.00 W, 99 %, 7194 MiB, 70 %, 3, 1590 MHz, 0x0000000000000004
2026/09/14 07:59:21.774, 60, 240.73 W, 250.00 W, 94 %, 7194 MiB, 70 %, 3, 1590 MHz, 0x0000000000000000
2026/09/14 07:59:51.776, 60, 237.77 W, 250.00 W, 94 %, 7194 MiB, 70 %, 3, 1560 MHz, 0x0000000000000000
2026/09/14 08:00:21.779, 60, 250.18 W, 250.00 W, 95 %, 7194 MiB, 70 %, 3, 1530 MHz, 0x0000000000000004
2026/09/14 08:00:51.781, 61, 247.96 W, 250.00 W, 99 %, 7194 MiB, 70 %, 3, 1545 MHz, 0x0000000000000004
2026/09/14 08:01:21.784, 61, 240.72 W, 250.00 W, 95 %, 7194 MiB, 70 %, 3, 1500 MHz, 0x0000000000000004
2026/09/14 08:01:51.786, 60, 246.65 W, 250.00 W, 100 %, 7194 MiB, 70 %, 3, 1335 MHz, 0x0000000000000004
2026/09/14 08:02:21.789, 60, 239.26 W, 250.00 W, 98 %, 7194 MiB, 70 %, 3, 1485 MHz, 0x0000000000000004
2026/09/14 08:02:51.791, 60, 226.46 W, 250.00 W, 84 %, 7194 MiB, 70 %, 3, 1560 MHz, 0x0000000000000000
2026/09/14 08:03:21.793, 60, 232.53 W, 250.00 W, 84 %, 7194 MiB, 70 %, 3, 1590 MHz, 0x0000000000000000
2026/09/14 08:03:51.795, 60, 245.72 W, 250.00 W, 93 %, 7194 MiB, 70 %, 3, 1545 MHz, 0x0000000000000000
2026/09/14 08:04:21.797, 60, 243.02 W, 250.00 W, 95 %, 7194 MiB, 70 %, 3, 1590 MHz, 0x0000000000000004
2026/09/14 08:04:51.799, 60, 242.92 W, 250.00 W, 95 %, 7194 MiB, 70 %, 3, 1530 MHz, 0x0000000000000004
2026/09/14 08:05:21.802, 60, 246.74 W, 250.00 W, 99 %, 7194 MiB, 70 %, 3, 1545 MHz, 0x0000000000000004
2026/09/14 08:05:51.805, 60, 243.55 W, 250.00 W, 97 %, 7194 MiB, 70 %, 3, 1590 MHz, 0x0000000000000004
2026/09/14 08:06:21.807, 60, 244.76 W, 250.00 W, 94 %, 7194 MiB, 70 %, 3, 1530 MHz, 0x0000000000000000
2026/09/14 08:06:51.810, 61, 240.52 W, 250.00 W, 99 %, 7194 MiB, 70 %, 3, 1575 MHz, 0x0000000000000004
2026/09/14 08:07:21.812, 60, 241.80 W, 250.00 W, 97 %, 7194 MiB, 70 %, 3, 1590 MHz, 0x0000000000000000
2026/09/14 08:07:51.814, 61, 244.77 W, 250.00 W, 95 %, 7194 MiB, 70 %, 3, 1545 MHz, 0x0000000000000000
2026/09/14 08:08:21.819, 60, 241.65 W, 250.00 W, 100 %, 7194 MiB, 70 %, 3, 1590 MHz, 0x0000000000000004
2026/09/14 08:08:51.822, 60, 242.17 W, 250.00 W, 95 %, 7194 MiB, 70 %, 3, 1560 MHz, 0x0000000000000004
2026/09/14 08:09:21.824, 60, 239.39 W, 250.00 W, 97 %, 7194 MiB, 70 %, 3, 1590 MHz, 0x0000000000000004
2026/09/14 08:09:51.827, 60, 246.73 W, 250.00 W, 95 %, 7194 MiB, 70 %, 3, 1590 MHz, 0x0000000000000004
2026/09/14 08:10:21.829, 61, 247.13 W, 250.00 W, 95 %, 7194 MiB, 70 %, 3, 1545 MHz, 0x0000000000000004
2026/09/14 08:10:51.832, 60, 244.22 W, 250.00 W, 95 %, 7194 MiB, 70 %, 3, 1590 MHz, 0x0000000000000004
2026/09/14 08:11:21.834, 62, 255.88 W, 250.00 W, 95 %, 7194 MiB, 70 %, 3, 1560 MHz, 0x0000000000000004
2026/09/14 08:11:51.836, 60, 244.35 W, 250.00 W, 95 %, 7194 MiB, 70 %, 3, 1575 MHz, 0x0000000000000000
2026/09/14 08:12:21.837, 60, 247.12 W, 250.00 W, 94 %, 7194 MiB, 70 %, 3, 1500 MHz, 0x0000000000000004
2026/09/14 08:12:51.840, 60, 248.34 W, 250.00 W, 94 %, 7194 MiB, 70 %, 3, 1590 MHz, 0x0000000000000000
2026/09/14 08:13:21.844, 60, 249.41 W, 250.00 W, 95 %, 7194 MiB, 70 %, 3, 1350 MHz, 0x0000000000000004
2026/09/14 08:13:51.845, 60, 238.69 W, 250.00 W, 95 %, 7194 MiB, 70 %, 3, 1575 MHz, 0x0000000000000004
2026/09/14 08:14:21.847, 61, 246.99 W, 250.00 W, 95 %, 7194 MiB, 70 %, 3, 1590 MHz, 0x0000000000000004
2026/09/14 08:14:51.850, 60, 241.65 W, 250.00 W, 95 %, 7194 MiB, 70 %, 3, 1560 MHz, 0x0000000000000004
2026/09/14 08:15:21.852, 60, 245.81 W, 250.00 W, 100 %, 7194 MiB, 70 %, 3, 1545 MHz, 0x0000000000000004
2026/09/14 08:15:51.854, 61, 243.58 W, 250.00 W, 100 %, 7194 MiB, 70 %, 3, 1590 MHz, 0x0000000000000000
2026/09/14 08:16:21.857, 60, 239.15 W, 250.00 W, 94 %, 7194 MiB, 70 %, 3, 1575 MHz, 0x0000000000000000
2026/09/14 08:16:51.859, 60, 244.24 W, 250.00 W, 94 %, 7194 MiB, 70 %, 3, 1590 MHz, 0x0000000000000000
2026/09/14 08:17:21.861, 60, 238.42 W, 250.00 W, 95 %, 7194 MiB, 70 %, 3, 1530 MHz, 0x0000000000000004
2026/09/14 08:17:51.863, 61, 251.93 W, 250.00 W, 95 %, 7194 MiB, 70 %, 3, 1500 MHz, 0x0000000000000004
2026/09/14 08:18:21.866, 60, 247.28 W, 250.00 W, 95 %, 7194 MiB, 70 %, 3, 1500 MHz, 0x0000000000000000
2026/09/14 08:18:51.869, 60, 240.17 W, 250.00 W, 95 %, 7194 MiB, 70 %, 3, 1590 MHz, 0x0000000000000000
2026/09/14 08:19:21.871, 61, 243.88 W, 250.00 W, 95 %, 7194 MiB, 70 %, 3, 1590 MHz, 0x0000000000000004
2026/09/14 08:19:51.873, 59, 240.11 W, 250.00 W, 95 %, 7194 MiB, 70 %, 3, 1590 MHz, 0x0000000000000004
2026/09/14 08:20:21.876, 56, 146.03 W, 250.00 W, 0 %, 7194 MiB, 70 %, 3, 1590 MHz, 0x0000000000000000
2026/09/14 08:20:51.878, 54, 138.24 W, 250.00 W, 0 %, 7194 MiB, 69 %, 3, 1590 MHz, 0x0000000000000000
2026/09/14 08:21:21.880, 57, 252.65 W, 250.00 W, 94 %, 7194 MiB, 69 %, 3, 1005 MHz, 0x0000000000000004
2026/09/14 08:21:51.882, 61, 254.51 W, 250.00 W, 94 %, 7194 MiB, 69 %, 3, 1500 MHz, 0x0000000000000004
2026/09/14 08:22:21.884, 59, 243.45 W, 250.00 W, 94 %, 7194 MiB, 69 %, 3, 1590 MHz, 0x0000000000000000
2026/09/14 08:22:51.887, 60, 239.88 W, 250.00 W, 95 %, 7194 MiB, 69 %, 3, 1590 MHz, 0x0000000000000004
2026/09/14 08:23:21.889, 60, 239.86 W, 250.00 W, 95 %, 7194 MiB, 69 %, 3, 1590 MHz, 0x0000000000000004
2026/09/14 08:23:51.892, 59, 247.46 W, 250.00 W, 95 %, 7194 MiB, 69 %, 3, 1005 MHz, 0x0000000000000004
2026/09/14 08:24:21.894, 60, 238.36 W, 250.00 W, 95 %, 7194 MiB, 69 %, 3, 1500 MHz, 0x0000000000000004
2026/09/14 08:24:51.896, 61, 247.63 W, 250.00 W, 94 %, 7194 MiB, 70 %, 3, 1380 MHz, 0x0000000000000004
2026/09/14 08:25:21.898, 60, 240.14 W, 250.00 W, 94 %, 7194 MiB, 70 %, 3, 1590 MHz, 0x0000000000000004
2026/09/14 08:25:51.900, 61, 247.69 W, 250.00 W, 99 %, 7194 MiB, 70 %, 3, 1590 MHz, 0x0000000000000004
2026/09/14 08:26:21.903, 61, 244.59 W, 250.00 W, 96 %, 7194 MiB, 70 %, 3, 1590 MHz, 0x0000000000000000
2026/09/14 08:26:51.904, 61, 257.65 W, 250.00 W, 100 %, 7194 MiB, 70 %, 3, 855 MHz, 0x0000000000000004
2026/09/14 08:27:21.906, 60, 239.57 W, 250.00 W, 94 %, 7194 MiB, 70 %, 3, 1590 MHz, 0x0000000000000000
2026/09/14 08:27:51.908, 60, 244.50 W, 250.00 W, 99 %, 7194 MiB, 70 %, 3, 1590 MHz, 0x0000000000000000
2026/09/14 08:28:21.910, 61, 251.26 W, 250.00 W, 95 %, 7194 MiB, 70 %, 3, 1590 MHz, 0x0000000000000004
2026/09/14 08:28:51.913, 61, 237.64 W, 250.00 W, 99 %, 7194 MiB, 70 %, 3, 1560 MHz, 0x0000000000000000
2026/09/14 08:29:21.915, 60, 252.91 W, 250.00 W, 95 %, 7194 MiB, 70 %, 3, 1260 MHz, 0x0000000000000004
2026/09/14 08:29:51.918, 61, 247.57 W, 250.00 W, 98 %, 7194 MiB, 70 %, 3, 1530 MHz, 0x0000000000000004
2026/09/14 08:30:21.920, 60, 237.76 W, 250.00 W, 99 %, 7194 MiB, 70 %, 3, 1590 MHz, 0x0000000000000004
2026/09/14 08:30:51.922, 60, 239.77 W, 250.00 W, 95 %, 7194 MiB, 70 %, 3, 1590 MHz, 0x0000000000000000
2026/09/14 08:31:21.925, 61, 247.23 W, 250.00 W, 99 %, 7194 MiB, 70 %, 3, 1590 MHz, 0x0000000000000004
2026/09/14 08:31:51.927, 61, 252.96 W, 250.00 W, 95 %, 7194 MiB, 70 %, 3, 1545 MHz, 0x0000000000000004
2026/09/14 08:32:21.929, 60, 245.70 W, 250.00 W, 95 %, 7194 MiB, 70 %, 3, 1590 MHz, 0x0000000000000004
2026/09/14 08:32:51.953, 61, 246.96 W, 250.00 W, 96 %, 7194 MiB, 70 %, 3, 1560 MHz, 0x0000000000000004
2026/09/14 08:33:21.955, 60, 240.50 W, 250.00 W, 98 %, 7194 MiB, 70 %, 3, 1560 MHz, 0x0000000000000000
2026/09/14 08:33:51.957, 61, 238.46 W, 250.00 W, 95 %, 7194 MiB, 70 %, 3, 1590 MHz, 0x0000000000000004
2026/09/14 08:34:21.960, 61, 239.53 W, 250.00 W, 95 %, 7194 MiB, 70 %, 3, 1560 MHz, 0x0000000000000000
2026/09/14 08:34:51.962, 61, 239.09 W, 250.00 W, 95 %, 7194 MiB, 70 %, 3, 1560 MHz, 0x0000000000000000
2026/09/14 08:35:21.965, 60, 240.97 W, 250.00 W, 99 %, 7194 MiB, 70 %, 3, 1590 MHz, 0x0000000000000004
2026/09/14 08:35:51.967, 60, 240.79 W, 250.00 W, 95 %, 7194 MiB, 70 %, 3, 1530 MHz, 0x0000000000000000
2026/09/14 08:36:21.970, 60, 239.79 W, 250.00 W, 95 %, 7194 MiB, 70 %, 3, 1530 MHz, 0x0000000000000000
2026/09/14 08:36:51.973, 60, 246.75 W, 250.00 W, 95 %, 7194 MiB, 70 %, 3, 1560 MHz, 0x0000000000000004
2026/09/14 08:37:21.975, 60, 246.37 W, 250.00 W, 94 %, 7194 MiB, 70 %, 3, 1590 MHz, 0x0000000000000000
2026/09/14 08:37:51.978, 60, 231.04 W, 250.00 W, 83 %, 7194 MiB, 70 %, 3, 1470 MHz, 0x0000000000000004
2026/09/14 08:38:21.980, 59, 224.88 W, 250.00 W, 80 %, 7194 MiB, 70 %, 3, 1590 MHz, 0x0000000000000004
2026/09/14 08:38:51.981, 59, 244.81 W, 250.00 W, 94 %, 7194 MiB, 70 %, 3, 1590 MHz, 0x0000000000000000
2026/09/14 08:39:21.984, 59, 253.21 W, 250.00 W, 95 %, 7194 MiB, 70 %, 3, 315 MHz, 0x0000000000000004
2026/09/14 08:39:51.986, 60, 236.85 W, 250.00 W, 100 %, 7194 MiB, 70 %, 3, 1575 MHz, 0x0000000000000004
2026/09/14 08:40:21.988, 60, 247.36 W, 250.00 W, 100 %, 7194 MiB, 70 %, 3, 1590 MHz, 0x0000000000000004
2026/09/14 08:40:51.990, 60, 244.76 W, 250.00 W, 94 %, 7194 MiB, 70 %, 3, 1590 MHz, 0x0000000000000004
2026/09/14 08:41:21.993, 60, 243.61 W, 250.00 W, 94 %, 7194 MiB, 70 %, 3, 1575 MHz, 0x0000000000000000
2026/09/14 08:41:51.995, 60, 246.36 W, 250.00 W, 94 %, 7194 MiB, 70 %, 3, 1545 MHz, 0x0000000000000000
2026/09/14 08:42:21.997, 61, 243.42 W, 250.00 W, 100 %, 7194 MiB, 70 %, 3, 1590 MHz, 0x0000000000000004
2026/09/14 08:42:52.000, 60, 242.55 W, 250.00 W, 96 %, 7194 MiB, 70 %, 3, 1590 MHz, 0x0000000000000000
2026/09/14 08:43:22.002, 60, 243.33 W, 250.00 W, 98 %, 7194 MiB, 70 %, 3, 1590 MHz, 0x0000000000000004
2026/09/14 08:43:52.005, 61, 242.49 W, 250.00 W, 94 %, 7194 MiB, 70 %, 3, 1590 MHz, 0x0000000000000004
2026/09/14 08:44:22.007, 60, 245.23 W, 250.00 W, 95 %, 7194 MiB, 70 %, 3, 1590 MHz, 0x0000000000000004
2026/09/14 08:44:52.009, 61, 248.88 W, 250.00 W, 95 %, 7194 MiB, 70 %, 3, 1575 MHz, 0x0000000000000000
2026/09/14 08:45:22.011, 61, 244.18 W, 250.00 W, 94 %, 7194 MiB, 70 %, 3, 1485 MHz, 0x0000000000000000
2026/09/14 08:45:52.013, 61, 243.46 W, 250.00 W, 95 %, 7194 MiB, 70 %, 3, 1590 MHz, 0x0000000000000000
2026/09/14 08:46:22.016, 61, 249.76 W, 250.00 W, 100 %, 7194 MiB, 70 %, 3, 1590 MHz, 0x0000000000000004
2026/09/14 08:46:52.018, 60, 239.80 W, 250.00 W, 99 %, 7194 MiB, 70 %, 3, 1515 MHz, 0x0000000000000004
2026/09/14 08:47:22.020, 61, 244.92 W, 250.00 W, 100 %, 7194 MiB, 70 %, 3, 1590 MHz, 0x0000000000000004
2026/09/14 08:47:52.023, 61, 244.05 W, 250.00 W, 100 %, 7194 MiB, 70 %, 3, 1590 MHz, 0x0000000000000004
2026/09/14 08:48:22.026, 60, 239.30 W, 250.00 W, 95 %, 7194 MiB, 70 %, 3, 1500 MHz, 0x0000000000000004
2026/09/14 08:48:52.028, 61, 248.84 W, 250.00 W, 99 %, 7194 MiB, 70 %, 3, 1590 MHz, 0x0000000000000004
2026/09/14 08:49:22.030, 60, 240.31 W, 250.00 W, 96 %, 7194 MiB, 70 %, 3, 1590 MHz, 0x0000000000000004
2026/09/14 08:49:52.032, 61, 245.86 W, 250.00 W, 98 %, 7194 MiB, 70 %, 3, 1590 MHz, 0x0000000000000004
2026/09/14 08:50:22.035, 61, 247.40 W, 250.00 W, 100 %, 7194 MiB, 70 %, 3, 1560 MHz, 0x0000000000000004
2026/09/14 08:50:52.037, 60, 243.35 W, 250.00 W, 94 %, 7194 MiB, 70 %, 3, 1590 MHz, 0x0000000000000000
2026/09/14 08:51:22.040, 61, 241.68 W, 250.00 W, 95 %, 7194 MiB, 70 %, 3, 1590 MHz, 0x0000000000000000
2026/09/14 08:51:52.042, 60, 239.25 W, 250.00 W, 94 %, 7194 MiB, 70 %, 3, 1590 MHz, 0x0000000000000004
2026/09/14 08:52:22.044, 61, 243.60 W, 250.00 W, 95 %, 7194 MiB, 70 %, 3, 1500 MHz, 0x0000000000000004
2026/09/14 08:52:52.047, 60, 242.88 W, 250.00 W, 95 %, 7194 MiB, 70 %, 3, 1560 MHz, 0x0000000000000000
2026/09/14 08:53:22.049, 61, 252.22 W, 250.00 W, 95 %, 7194 MiB, 70 %, 3, 1590 MHz, 0x0000000000000004
2026/09/14 08:53:52.052, 60, 242.32 W, 250.00 W, 94 %, 7194 MiB, 70 %, 3, 1590 MHz, 0x0000000000000004
2026/09/14 08:54:22.055, 60, 244.24 W, 250.00 W, 100 %, 7194 MiB, 70 %, 3, 1590 MHz, 0x0000000000000000
2026/09/14 08:54:52.057, 60, 251.90 W, 250.00 W, 95 %, 7194 MiB, 70 %, 3, 1290 MHz, 0x0000000000000000
2026/09/14 08:55:22.060, 60, 235.70 W, 250.00 W, 86 %, 7194 MiB, 70 %, 3, 1470 MHz, 0x0000000000000004
2026/09/14 08:55:52.062, 59, 239.09 W, 250.00 W, 89 %, 7194 MiB, 70 %, 3, 1530 MHz, 0x0000000000000004
2026/09/14 08:56:22.064, 55, 146.10 W, 250.00 W, 0 %, 7194 MiB, 70 %, 3, 1590 MHz, 0x0000000000000000
2026/09/14 08:56:52.066, 60, 247.79 W, 250.00 W, 95 %, 7194 MiB, 69 %, 3, 1590 MHz, 0x0000000000000000
2026/09/14 08:57:22.068, 60, 245.62 W, 250.00 W, 94 %, 7194 MiB, 69 %, 3, 1590 MHz, 0x0000000000000004
2026/09/14 08:57:52.071, 60, 243.60 W, 250.00 W, 99 %, 7194 MiB, 70 %, 3, 1575 MHz, 0x0000000000000004
2026/09/14 08:58:22.073, 61, 246.62 W, 250.00 W, 95 %, 7194 MiB, 70 %, 3, 1560 MHz, 0x0000000000000000
2026/09/14 08:58:52.075, 60, 242.96 W, 250.00 W, 95 %, 7194 MiB, 70 %, 3, 1560 MHz, 0x0000000000000004
2026/09/14 08:59:22.078, 60, 239.66 W, 250.00 W, 100 %, 7194 MiB, 70 %, 3, 1560 MHz, 0x0000000000000004
2026/09/14 08:59:52.080, 60, 243.40 W, 250.00 W, 100 %, 7194 MiB, 70 %, 3, 1515 MHz, 0x0000000000000004
2026/09/14 09:00:22.082, 60, 243.16 W, 250.00 W, 94 %, 7194 MiB, 70 %, 3, 1560 MHz, 0x0000000000000000
2026/09/14 09:00:52.085, 60, 239.49 W, 250.00 W, 95 %, 7194 MiB, 70 %, 3, 1545 MHz, 0x0000000000000000
2026/09/14 09:01:22.088, 60, 247.79 W, 250.00 W, 99 %, 7194 MiB, 70 %, 3, 1590 MHz, 0x0000000000000004
2026/09/14 09:01:52.090, 60, 247.55 W, 250.00 W, 94 %, 7194 MiB, 70 %, 3, 1470 MHz, 0x0000000000000004
2026/09/14 09:02:22.092, 61, 245.13 W, 250.00 W, 94 %, 7194 MiB, 70 %, 3, 1515 MHz, 0x0000000000000004
2026/09/14 09:02:52.095, 61, 240.89 W, 250.00 W, 100 %, 7194 MiB, 70 %, 3, 1590 MHz, 0x0000000000000004
2026/09/14 09:03:22.097, 61, 245.76 W, 250.00 W, 97 %, 7194 MiB, 70 %, 3, 1560 MHz, 0x0000000000000000
2026/09/14 09:03:52.099, 61, 246.91 W, 250.00 W, 95 %, 7194 MiB, 70 %, 3, 1485 MHz, 0x0000000000000004
2026/09/14 09:04:22.102, 60, 240.01 W, 250.00 W, 95 %, 7194 MiB, 70 %, 3, 1590 MHz, 0x0000000000000000
2026/09/14 09:04:52.103, 60, 242.56 W, 250.00 W, 95 %, 7194 MiB, 70 %, 3, 1590 MHz, 0x0000000000000000
2026/09/14 09:05:22.106, 60, 237.24 W, 250.00 W, 94 %, 7194 MiB, 70 %, 3, 1560 MHz, 0x0000000000000000
2026/09/14 09:05:52.108, 60, 241.38 W, 250.00 W, 95 %, 7194 MiB, 70 %, 3, 1590 MHz, 0x0000000000000000
2026/09/14 09:06:22.110, 60, 244.63 W, 250.00 W, 100 %, 7194 MiB, 70 %, 3, 1500 MHz, 0x0000000000000004
2026/09/14 09:06:52.113, 61, 250.17 W, 250.00 W, 99 %, 7194 MiB, 70 %, 3, 1530 MHz, 0x0000000000000004
2026/09/14 09:07:22.115, 61, 242.52 W, 250.00 W, 95 %, 7194 MiB, 70 %, 3, 1575 MHz, 0x0000000000000000
2026/09/14 09:07:52.117, 60, 241.49 W, 250.00 W, 95 %, 7194 MiB, 70 %, 3, 1530 MHz, 0x0000000000000000
2026/09/14 09:08:22.120, 59, 234.60 W, 250.00 W, 98 %, 7194 MiB, 70 %, 3, 1500 MHz, 0x0000000000000004
2026/09/14 09:08:52.122, 60, 245.12 W, 250.00 W, 95 %, 7194 MiB, 70 %, 3, 1545 MHz, 0x0000000000000004
2026/09/14 09:09:22.124, 60, 241.79 W, 250.00 W, 94 %, 7194 MiB, 70 %, 3, 1515 MHz, 0x0000000000000000
2026/09/14 09:09:52.127, 59, 239.37 W, 250.00 W, 96 %, 7194 MiB, 70 %, 3, 1560 MHz, 0x0000000000000004
2026/09/14 09:10:22.129, 60, 247.78 W, 250.00 W, 95 %, 7194 MiB, 70 %, 3, 1575 MHz, 0x0000000000000004
2026/09/14 09:10:52.132, 60, 253.89 W, 250.00 W, 100 %, 7194 MiB, 70 %, 3, 525 MHz, 0x0000000000000004
2026/09/14 09:11:22.135, 60, 245.93 W, 250.00 W, 95 %, 7194 MiB, 70 %, 3, 1590 MHz, 0x0000000000000000
2026/09/14 09:11:52.137, 60, 246.61 W, 250.00 W, 95 %, 7194 MiB, 70 %, 3, 1560 MHz, 0x0000000000000004
2026/09/14 09:12:22.139, 60, 239.51 W, 250.00 W, 95 %, 7194 MiB, 70 %, 3, 1560 MHz, 0x0000000000000000
2026/09/14 09:12:52.142, 61, 247.35 W, 250.00 W, 97 %, 7194 MiB, 70 %, 3, 1590 MHz, 0x0000000000000004
2026/09/14 09:13:22.144, 60, 231.92 W, 250.00 W, 90 %, 7194 MiB, 70 %, 3, 1560 MHz, 0x0000000000000004
2026/09/14 09:13:52.146, 60, 202.19 W, 250.00 W, 90 %, 7194 MiB, 70 %, 3, 1590 MHz, 0x0000000000000004
2026/09/14 09:14:22.149, 59, 239.86 W, 250.00 W, 95 %, 7194 MiB, 70 %, 3, 1545 MHz, 0x0000000000000004
2026/09/14 09:14:52.151, 60, 239.31 W, 250.00 W, 95 %, 7194 MiB, 69 %, 3, 1575 MHz, 0x0000000000000000
2026/09/14 09:15:22.153, 60, 239.67 W, 250.00 W, 94 %, 7194 MiB, 70 %, 3, 1560 MHz, 0x0000000000000000
2026/09/14 09:15:52.155, 60, 245.01 W, 250.00 W, 94 %, 7194 MiB, 70 %, 3, 1590 MHz, 0x0000000000000000
2026/09/14 09:16:22.158, 61, 246.24 W, 250.00 W, 98 %, 7194 MiB, 70 %, 3, 1590 MHz, 0x0000000000000004
2026/09/14 09:16:52.161, 60, 241.23 W, 250.00 W, 100 %, 7194 MiB, 70 %, 3, 1590 MHz, 0x0000000000000004
2026/09/14 09:17:22.163, 59, 246.10 W, 250.00 W, 94 %, 7194 MiB, 70 %, 3, 1320 MHz, 0x0000000000000004
2026/09/14 09:17:52.166, 61, 241.12 W, 250.00 W, 94 %, 7194 MiB, 70 %, 3, 1590 MHz, 0x0000000000000004
2026/09/14 09:18:22.168, 60, 237.37 W, 250.00 W, 95 %, 7194 MiB, 70 %, 3, 1590 MHz, 0x0000000000000004
2026/09/14 09:18:52.170, 60, 243.89 W, 250.00 W, 95 %, 7194 MiB, 70 %, 3, 1560 MHz, 0x0000000000000000
2026/09/14 09:19:22.173, 61, 247.64 W, 250.00 W, 93 %, 7194 MiB, 70 %, 3, 1500 MHz, 0x0000000000000000
2026/09/14 09:19:52.175, 60, 238.35 W, 250.00 W, 94 %, 7194 MiB, 70 %, 3, 1590 MHz, 0x0000000000000000
2026/09/14 09:20:22.178, 61, 249.31 W, 250.00 W, 94 %, 7194 MiB, 70 %, 3, 1545 MHz, 0x0000000000000004
2026/09/14 09:20:52.181, 60, 244.37 W, 250.00 W, 94 %, 7194 MiB, 70 %, 3, 1590 MHz, 0x0000000000000000
2026/09/14 09:21:22.184, 61, 247.84 W, 250.00 W, 95 %, 7194 MiB, 70 %, 3, 1590 MHz, 0x0000000000000000
2026/09/14 09:21:52.191, 60, 239.48 W, 250.00 W, 94 %, 7194 MiB, 70 %, 3, 1500 MHz, 0x0000000000000000
2026/09/14 09:22:22.193, 60, 242.60 W, 250.00 W, 95 %, 7194 MiB, 70 %, 3, 1590 MHz, 0x0000000000000000
2026/09/14 09:22:52.196, 60, 243.86 W, 250.00 W, 94 %, 7194 MiB, 70 %, 3, 1545 MHz, 0x0000000000000000
2026/09/14 09:23:22.198, 60, 241.92 W, 250.00 W, 100 %, 7194 MiB, 70 %, 3, 1590 MHz, 0x0000000000000004
2026/09/14 09:23:52.201, 60, 248.02 W, 250.00 W, 94 %, 7194 MiB, 70 %, 3, 1575 MHz, 0x0000000000000000
2026/09/14 09:24:22.203, 61, 242.83 W, 250.00 W, 95 %, 7194 MiB, 70 %, 3, 1590 MHz, 0x0000000000000004
2026/09/14 09:24:52.205, 60, 240.35 W, 250.00 W, 100 %, 7194 MiB, 70 %, 3, 1575 MHz, 0x0000000000000000
2026/09/14 09:25:22.208, 60, 242.62 W, 250.00 W, 94 %, 7194 MiB, 70 %, 3, 1515 MHz, 0x0000000000000004
2026/09/14 09:25:52.215, 60, 241.98 W, 250.00 W, 95 %, 7194 MiB, 70 %, 3, 1530 MHz, 0x0000000000000004
2026/09/14 09:26:22.217, 60, 242.20 W, 250.00 W, 97 %, 7194 MiB, 70 %, 3, 1590 MHz, 0x0000000000000000
2026/09/14 09:26:52.220, 60, 244.78 W, 250.00 W, 94 %, 7194 MiB, 70 %, 3, 1545 MHz, 0x0000000000000000
2026/09/14 09:27:22.222, 60, 243.74 W, 250.00 W, 99 %, 7194 MiB, 70 %, 3, 1545 MHz, 0x0000000000000004
2026/09/14 09:27:52.225, 60, 246.37 W, 250.00 W, 100 %, 7194 MiB, 70 %, 3, 1545 MHz, 0x0000000000000004
2026/09/14 09:28:22.227, 60, 244.88 W, 250.00 W, 95 %, 7194 MiB, 70 %, 3, 1590 MHz, 0x0000000000000004
2026/09/14 09:28:52.236, 60, 237.85 W, 250.00 W, 99 %, 7194 MiB, 70 %, 3, 1590 MHz, 0x0000000000000004
2026/09/14 09:29:22.239, 60, 244.02 W, 250.00 W, 100 %, 7194 MiB, 70 %, 3, 1590 MHz, 0x0000000000000004
2026/09/14 09:29:52.241, 60, 243.32 W, 250.00 W, 99 %, 7194 MiB, 70 %, 3, 1590 MHz, 0x0000000000000004
2026/09/14 09:30:22.244, 60, 239.07 W, 250.00 W, 100 %, 7194 MiB, 70 %, 3, 1575 MHz, 0x0000000000000004
2026/09/14 09:30:52.247, 58, 224.57 W, 250.00 W, 84 %, 7194 MiB, 70 %, 3, 1470 MHz, 0x0000000000000004
2026/09/14 09:31:22.249, 58, 227.82 W, 250.00 W, 86 %, 7194 MiB, 70 %, 3, 1590 MHz, 0x0000000000000004
2026/09/14 09:31:52.251, 59, 245.97 W, 250.00 W, 94 %, 7194 MiB, 69 %, 3, 1590 MHz, 0x0000000000000004
2026/09/14 09:32:22.254, 60, 244.50 W, 250.00 W, 100 %, 7194 MiB, 69 %, 3, 1590 MHz, 0x0000000000000004
2026/09/14 09:32:52.263, 60, 242.12 W, 250.00 W, 95 %, 7194 MiB, 69 %, 3, 1590 MHz, 0x0000000000000004
2026/09/14 09:33:22.266, 60, 246.88 W, 250.00 W, 100 %, 7194 MiB, 69 %, 3, 1590 MHz, 0x0000000000000004
2026/09/14 09:33:52.268, 60, 236.12 W, 250.00 W, 95 %, 7194 MiB, 69 %, 3, 1590 MHz, 0x0000000000000000
2026/09/14 09:34:22.271, 60, 245.80 W, 250.00 W, 100 %, 7194 MiB, 70 %, 3, 1455 MHz, 0x0000000000000004
2026/09/14 09:34:52.273, 60, 241.51 W, 250.00 W, 95 %, 7194 MiB, 69 %, 3, 1590 MHz, 0x0000000000000000
2026/09/14 09:35:22.276, 61, 238.51 W, 250.00 W, 100 %, 7194 MiB, 70 %, 3, 1575 MHz, 0x0000000000000004
2026/09/14 09:35:52.278, 60, 241.39 W, 250.00 W, 99 %, 7194 MiB, 70 %, 3, 1590 MHz, 0x0000000000000004
2026/09/14 09:36:22.281, 61, 246.32 W, 250.00 W, 100 %, 7194 MiB, 70 %, 3, 1560 MHz, 0x0000000000000004
2026/09/14 09:36:52.285, 61, 246.93 W, 250.00 W, 99 %, 7194 MiB, 70 %, 3, 1515 MHz, 0x0000000000000004
2026/09/14 09:37:22.288, 60, 242.29 W, 250.00 W, 98 %, 7194 MiB, 70 %, 3, 1590 MHz, 0x0000000000000000
2026/09/14 09:37:52.291, 61, 247.00 W, 250.00 W, 100 %, 7194 MiB, 70 %, 3, 1575 MHz, 0x0000000000000004
2026/09/14 09:38:22.293, 60, 246.47 W, 250.00 W, 95 %, 7194 MiB, 70 %, 3, 1590 MHz, 0x0000000000000000
2026/09/14 09:38:52.296, 60, 236.10 W, 250.00 W, 93 %, 7194 MiB, 70 %, 3, 1515 MHz, 0x0000000000000004
2026/09/14 09:39:22.298, 60, 239.91 W, 250.00 W, 97 %, 7194 MiB, 70 %, 3, 1590 MHz, 0x0000000000000004
2026/09/14 09:39:52.301, 60, 245.08 W, 250.00 W, 99 %, 7194 MiB, 70 %, 3, 1560 MHz, 0x0000000000000004
2026/09/14 09:40:22.304, 60, 246.23 W, 250.00 W, 100 %, 7194 MiB, 70 %, 3, 1515 MHz, 0x0000000000000004
2026/09/14 09:40:52.311, 60, 244.71 W, 250.00 W, 99 %, 7194 MiB, 70 %, 3, 1575 MHz, 0x0000000000000004
2026/09/14 09:41:22.314, 61, 249.88 W, 250.00 W, 94 %, 7194 MiB, 70 %, 3, 1575 MHz, 0x0000000000000004
2026/09/14 09:41:52.317, 60, 243.46 W, 250.00 W, 99 %, 7194 MiB, 70 %, 3, 1575 MHz, 0x0000000000000004
2026/09/14 09:42:22.319, 59, 248.39 W, 250.00 W, 95 %, 7194 MiB, 70 %, 3, 1335 MHz, 0x0000000000000004
2026/09/14 09:42:52.321, 60, 243.21 W, 250.00 W, 94 %, 7194 MiB, 70 %, 3, 1590 MHz, 0x0000000000000004
2026/09/14 09:43:22.324, 60, 243.69 W, 250.00 W, 100 %, 7194 MiB, 70 %, 3, 1530 MHz, 0x0000000000000004
2026/09/14 09:43:52.327, 60, 243.13 W, 250.00 W, 95 %, 7194 MiB, 70 %, 3, 1590 MHz, 0x0000000000000004
2026/09/14 09:44:22.329, 60, 246.10 W, 250.00 W, 95 %, 7194 MiB, 70 %, 3, 1590 MHz, 0x0000000000000004
2026/09/14 09:44:52.332, 60, 249.17 W, 250.00 W, 99 %, 7194 MiB, 70 %, 3, 1260 MHz, 0x0000000000000000
2026/09/14 09:45:22.334, 61, 247.58 W, 250.00 W, 99 %, 7194 MiB, 70 %, 3, 1560 MHz, 0x0000000000000004
2026/09/14 09:45:52.337, 60, 241.88 W, 250.00 W, 95 %, 7194 MiB, 70 %, 3, 1590 MHz, 0x0000000000000000
2026/09/14 09:46:22.339, 60, 225.39 W, 250.00 W, 99 %, 7194 MiB, 70 %, 3, 1590 MHz, 0x0000000000000004
2026/09/14 09:46:52.341, 61, 250.50 W, 250.00 W, 99 %, 7194 MiB, 70 %, 3, 1515 MHz, 0x0000000000000000
2026/09/14 09:47:22.344, 60, 241.64 W, 250.00 W, 94 %, 7194 MiB, 70 %, 3, 1590 MHz, 0x0000000000000000
2026/09/14 09:47:52.346, 60, 243.04 W, 250.00 W, 94 %, 7194 MiB, 70 %, 3, 1590 MHz, 0x0000000000000004
2026/09/14 09:48:22.348, 56, 203.45 W, 250.00 W, 0 %, 7194 MiB, 70 %, 3, 1590 MHz, 0x0000000000000000
2026/09/14 09:48:52.351, 58, 224.57 W, 250.00 W, 85 %, 7194 MiB, 70 %, 3, 1590 MHz, 0x0000000000000004
2026/09/14 09:49:22.353, 58, 243.01 W, 250.00 W, 94 %, 7194 MiB, 69 %, 3, 1590 MHz, 0x0000000000000000
2026/09/14 09:49:52.356, 59, 241.54 W, 250.00 W, 94 %, 7194 MiB, 69 %, 3, 1545 MHz, 0x0000000000000004
2026/09/14 09:50:22.358, 59, 237.98 W, 250.00 W, 94 %, 7194 MiB, 69 %, 3, 1590 MHz, 0x0000000000000000
2026/09/14 09:50:52.360, 60, 240.91 W, 250.00 W, 95 %, 7194 MiB, 69 %, 3, 1515 MHz, 0x0000000000000000
2026/09/14 09:51:22.363, 60, 245.58 W, 250.00 W, 99 %, 7194 MiB, 69 %, 3, 1575 MHz, 0x0000000000000004
2026/09/14 09:51:52.366, 60, 240.58 W, 250.00 W, 93 %, 7194 MiB, 69 %, 3, 1590 MHz, 0x0000000000000000
2026/09/14 09:52:22.368, 60, 242.73 W, 250.00 W, 94 %, 7194 MiB, 69 %, 3, 1590 MHz, 0x0000000000000004
2026/09/14 09:52:52.370, 60, 242.45 W, 250.00 W, 95 %, 7194 MiB, 69 %, 3, 1575 MHz, 0x0000000000000000
2026/09/14 09:53:22.373, 60, 240.93 W, 250.00 W, 94 %, 7194 MiB, 69 %, 3, 1575 MHz, 0x0000000000000004
2026/09/14 09:53:52.375, 61, 247.29 W, 250.00 W, 92 %, 7194 MiB, 70 %, 3, 1590 MHz, 0x0000000000000004
2026/09/14 09:54:22.378, 61, 246.46 W, 250.00 W, 97 %, 7194 MiB, 69 %, 3, 1545 MHz, 0x0000000000000004
2026/09/14 09:54:52.381, 61, 247.92 W, 250.00 W, 93 %, 7194 MiB, 70 %, 3, 1515 MHz, 0x0000000000000004
2026/09/14 09:55:22.383, 60, 241.72 W, 250.00 W, 95 %, 7194 MiB, 70 %, 3, 1590 MHz, 0x0000000000000004
2026/09/14 09:55:52.385, 60, 240.57 W, 250.00 W, 92 %, 7194 MiB, 70 %, 3, 1545 MHz, 0x0000000000000004
2026/09/14 09:56:22.388, 61, 246.94 W, 250.00 W, 94 %, 7194 MiB, 70 %, 3, 1590 MHz, 0x0000000000000004
2026/09/14 09:56:52.390, 60, 239.33 W, 250.00 W, 99 %, 7194 MiB, 70 %, 3, 1545 MHz, 0x0000000000000004
2026/09/14 09:57:22.393, 61, 248.84 W, 250.00 W, 92 %, 7194 MiB, 70 %, 3, 1590 MHz, 0x0000000000000000
2026/09/14 09:57:52.395, 60, 243.55 W, 250.00 W, 94 %, 7194 MiB, 70 %, 3, 1590 MHz, 0x0000000000000000
2026/09/14 09:58:22.398, 60, 243.33 W, 250.00 W, 93 %, 7194 MiB, 70 %, 3, 1575 MHz, 0x0000000000000004
2026/09/14 09:58:52.400, 59, 240.06 W, 250.00 W, 94 %, 7194 MiB, 70 %, 3, 1590 MHz, 0x0000000000000004
2026/09/14 09:59:22.403, 60, 245.21 W, 250.00 W, 99 %, 7194 MiB, 70 %, 3, 1500 MHz, 0x0000000000000004
2026/09/14 09:59:52.405, 60, 245.33 W, 250.00 W, 95 %, 7194 MiB, 70 %, 3, 1560 MHz, 0x0000000000000004
2026/09/14 10:00:22.407, 60, 240.24 W, 250.00 W, 100 %, 7194 MiB, 70 %, 3, 1530 MHz, 0x0000000000000000
2026/09/14 10:00:52.410, 60, 241.27 W, 250.00 W, 94 %, 7194 MiB, 70 %, 3, 1530 MHz, 0x0000000000000000
2026/09/14 10:01:22.412, 60, 246.13 W, 250.00 W, 100 %, 7194 MiB, 70 %, 3, 1590 MHz, 0x0000000000000004
2026/09/14 10:01:52.414, 60, 242.29 W, 250.00 W, 94 %, 7194 MiB, 70 %, 3, 1590 MHz, 0x0000000000000004
2026/09/14 10:02:22.417, 60, 237.32 W, 250.00 W, 100 %, 7194 MiB, 70 %, 3, 1590 MHz, 0x0000000000000004
2026/09/14 10:02:52.419, 60, 238.50 W, 250.00 W, 98 %, 7194 MiB, 70 %, 3, 1590 MHz, 0x0000000000000004
2026/09/14 10:03:22.422, 60, 237.38 W, 250.00 W, 95 %, 7194 MiB, 70 %, 3, 1545 MHz, 0x0000000000000000
2026/09/14 10:03:52.424, 61, 241.89 W, 250.00 W, 100 %, 7194 MiB, 70 %, 3, 1590 MHz, 0x0000000000000004
2026/09/14 10:04:22.427, 60, 239.25 W, 250.00 W, 93 %, 7194 MiB, 70 %, 3, 1590 MHz, 0x0000000000000004
2026/09/14 10:04:52.429, 60, 236.42 W, 250.00 W, 94 %, 7194 MiB, 70 %, 3, 1575 MHz, 0x0000000000000004
2026/09/14 10:05:22.431, 60, 239.90 W, 250.00 W, 100 %, 7194 MiB, 70 %, 3, 1560 MHz, 0x0000000000000004
2026/09/14 10:05:52.434, 60, 228.74 W, 250.00 W, 84 %, 7194 MiB, 70 %, 3, 1485 MHz, 0x0000000000000000
2026/09/14 10:06:22.437, 59, 223.22 W, 250.00 W, 85 %, 7194 MiB, 70 %, 3, 1590 MHz, 0x0000000000000004
2026/09/14 10:06:52.440, 60, 244.55 W, 250.00 W, 94 %, 7194 MiB, 70 %, 3, 1590 MHz, 0x0000000000000004
2026/09/14 10:07:22.443, 61, 250.41 W, 250.00 W, 95 %, 7194 MiB, 70 %, 3, 1590 MHz, 0x0000000000000000
2026/09/14 10:07:52.446, 60, 244.70 W, 250.00 W, 95 %, 7194 MiB, 70 %, 3, 1530 MHz, 0x0000000000000000
2026/09/14 10:08:22.449, 60, 245.41 W, 250.00 W, 94 %, 7194 MiB, 70 %, 3, 1575 MHz, 0x0000000000000004
2026/09/14 10:08:52.450, 60, 241.89 W, 250.00 W, 100 %, 7194 MiB, 70 %, 3, 1515 MHz, 0x0000000000000004
2026/09/14 10:09:22.452, 60, 241.48 W, 250.00 W, 100 %, 7194 MiB, 70 %, 3, 1590 MHz, 0x0000000000000004
2026/09/14 10:09:52.454, 60, 243.20 W, 250.00 W, 92 %, 7194 MiB, 70 %, 3, 1590 MHz, 0x0000000000000004
2026/09/14 10:10:22.457, 59, 237.99 W, 250.00 W, 95 %, 7194 MiB, 70 %, 3, 1590 MHz, 0x0000000000000000
2026/09/14 10:10:52.459, 60, 242.41 W, 250.00 W, 99 %, 7194 MiB, 70 %, 3, 1590 MHz, 0x0000000000000004
2026/09/14 10:11:22.460, 61, 248.85 W, 250.00 W, 100 %, 7194 MiB, 70 %, 3, 1590 MHz, 0x0000000000000004
2026/09/14 10:11:52.463, 60, 236.45 W, 250.00 W, 94 %, 7194 MiB, 70 %, 3, 1530 MHz, 0x0000000000000000
2026/09/14 10:12:22.465, 60, 243.23 W, 250.00 W, 97 %, 7194 MiB, 70 %, 3, 1590 MHz, 0x0000000000000004
2026/09/14 10:12:52.467, 60, 244.50 W, 250.00 W, 100 %, 7194 MiB, 70 %, 3, 1530 MHz, 0x0000000000000004
2026/09/14 10:13:22.469, 60, 247.78 W, 250.00 W, 99 %, 7194 MiB, 70 %, 3, 1590 MHz, 0x0000000000000004
2026/09/14 10:13:52.471, 60, 245.49 W, 250.00 W, 95 %, 7194 MiB, 70 %, 3, 1560 MHz, 0x0000000000000000
2026/09/14 10:14:22.474, 60, 241.85 W, 250.00 W, 99 %, 7194 MiB, 70 %, 3, 1515 MHz, 0x0000000000000004
2026/09/14 10:14:52.476, 61, 245.22 W, 250.00 W, 93 %, 7194 MiB, 70 %, 3, 1590 MHz, 0x0000000000000000
2026/09/14 10:15:22.479, 60, 243.39 W, 250.00 W, 94 %, 7194 MiB, 70 %, 3, 1590 MHz, 0x0000000000000000
2026/09/14 10:15:52.481, 60, 247.98 W, 250.00 W, 94 %, 7194 MiB, 70 %, 3, 1590 MHz, 0x0000000000000004
2026/09/14 10:16:22.484, 60, 240.82 W, 250.00 W, 98 %, 7194 MiB, 70 %, 3, 1590 MHz, 0x0000000000000000
2026/09/14 10:16:52.486, 61, 246.19 W, 250.00 W, 95 %, 7194 MiB, 70 %, 3, 1560 MHz, 0x0000000000000004
2026/09/14 10:17:22.489, 60, 244.63 W, 250.00 W, 100 %, 7194 MiB, 70 %, 3, 1560 MHz, 0x0000000000000004
2026/09/14 10:17:52.492, 61, 247.26 W, 250.00 W, 95 %, 7194 MiB, 70 %, 3, 1530 MHz, 0x0000000000000004
2026/09/14 10:18:22.494, 61, 246.59 W, 250.00 W, 95 %, 7194 MiB, 70 %, 3, 1485 MHz, 0x0000000000000004
2026/09/14 10:18:52.497, 60, 245.15 W, 250.00 W, 99 %, 7194 MiB, 70 %, 3, 1590 MHz, 0x0000000000000000
2026/09/14 10:19:22.499, 60, 245.42 W, 250.00 W, 94 %, 7194 MiB, 70 %, 3, 1515 MHz, 0x0000000000000000
2026/09/14 10:19:52.502, 60, 245.21 W, 250.00 W, 99 %, 7194 MiB, 70 %, 3, 1590 MHz, 0x0000000000000004
2026/09/14 10:20:22.504, 60, 243.02 W, 250.00 W, 97 %, 7194 MiB, 70 %, 3, 1590 MHz, 0x0000000000000004
2026/09/14 10:20:52.507, 60, 244.26 W, 250.00 W, 97 %, 7194 MiB, 70 %, 3, 1590 MHz, 0x0000000000000004
2026/09/14 10:21:22.508, 60, 240.27 W, 250.00 W, 95 %, 7194 MiB, 70 %, 3, 1590 MHz, 0x0000000000000000
2026/09/14 10:21:52.511, 60, 241.95 W, 250.00 W, 93 %, 7194 MiB, 70 %, 3, 1590 MHz, 0x0000000000000000
2026/09/14 10:22:22.514, 61, 247.45 W, 250.00 W, 95 %, 7194 MiB, 70 %, 3, 1545 MHz, 0x0000000000000000
2026/09/14 10:22:52.516, 60, 238.53 W, 250.00 W, 95 %, 7194 MiB, 70 %, 3, 1590 MHz, 0x0000000000000000
2026/09/14 10:23:22.518, 60, 237.85 W, 250.00 W, 86 %, 7194 MiB, 70 %, 3, 1350 MHz, 0x0000000000000004
2026/09/14 10:23:52.520, 59, 181.77 W, 250.00 W, 92 %, 7194 MiB, 70 %, 3, 1590 MHz, 0x0000000000000004
2026/09/14 10:24:22.523, 57, 235.20 W, 250.00 W, 94 %, 7194 MiB, 69 %, 3, 1590 MHz, 0x0000000000000000
2026/09/14 10:24:52.525, 59, 237.40 W, 250.00 W, 97 %, 7194 MiB, 69 %, 3, 1590 MHz, 0x0000000000000000
2026/09/14 10:25:22.527, 59, 244.15 W, 250.00 W, 93 %, 7194 MiB, 69 %, 3, 1515 MHz, 0x0000000000000000
2026/09/14 10:25:52.530, 60, 239.74 W, 250.00 W, 95 %, 7194 MiB, 69 %, 3, 1515 MHz, 0x0000000000000004
2026/09/14 10:26:22.532, 60, 242.18 W, 250.00 W, 94 %, 7194 MiB, 69 %, 3, 1545 MHz, 0x0000000000000000
2026/09/14 10:26:52.535, 60, 242.77 W, 250.00 W, 94 %, 7194 MiB, 69 %, 3, 1590 MHz, 0x0000000000000004
2026/09/14 10:27:22.537, 60, 239.02 W, 250.00 W, 93 %, 7194 MiB, 69 %, 3, 1530 MHz, 0x0000000000000004
2026/09/14 10:27:52.540, 61, 245.47 W, 250.00 W, 95 %, 7194 MiB, 69 %, 3, 1575 MHz, 0x0000000000000000
2026/09/14 10:28:22.542, 60, 242.57 W, 250.00 W, 95 %, 7194 MiB, 70 %, 3, 1590 MHz, 0x0000000000000004
2026/09/14 10:28:52.545, 60, 233.60 W, 250.00 W, 92 %, 7194 MiB, 70 %, 3, 1545 MHz, 0x0000000000000000
2026/09/14 10:29:22.547, 60, 238.98 W, 250.00 W, 94 %, 7194 MiB, 70 %, 3, 1575 MHz, 0x0000000000000000
2026/09/14 10:29:52.549, 60, 242.46 W, 250.00 W, 99 %, 7194 MiB, 70 %, 3, 1530 MHz, 0x0000000000000004
2026/09/14 10:30:22.552, 59, 239.85 W, 250.00 W, 100 %, 7194 MiB, 70 %, 3, 1590 MHz, 0x0000000000000000
2026/09/14 10:30:52.554, 60, 239.87 W, 250.00 W, 98 %, 7194 MiB, 70 %, 3, 1590 MHz, 0x0000000000000000
2026/09/14 10:31:22.557, 60, 240.76 W, 250.00 W, 95 %, 7194 MiB, 70 %, 3, 1590 MHz, 0x0000000000000004
2026/09/14 10:31:52.559, 60, 246.65 W, 250.00 W, 100 %, 7194 MiB, 70 %, 3, 1575 MHz, 0x0000000000000004
2026/09/14 10:32:22.562, 61, 245.15 W, 250.00 W, 100 %, 7194 MiB, 70 %, 3, 1515 MHz, 0x0000000000000004
2026/09/14 10:32:52.564, 60, 242.33 W, 250.00 W, 95 %, 7194 MiB, 70 %, 3, 1530 MHz, 0x0000000000000004
2026/09/14 10:33:22.582, 60, 241.91 W, 250.00 W, 100 %, 7194 MiB, 70 %, 3, 1590 MHz, 0x0000000000000004
2026/09/14 10:33:52.585, 61, 248.10 W, 250.00 W, 100 %, 7194 MiB, 70 %, 3, 1590 MHz, 0x0000000000000004
2026/09/14 10:34:22.587, 60, 244.91 W, 250.00 W, 100 %, 7194 MiB, 70 %, 3, 1590 MHz, 0x0000000000000004
2026/09/14 10:34:52.589, 61, 247.15 W, 250.00 W, 100 %, 7194 MiB, 70 %, 3, 1545 MHz, 0x0000000000000004
2026/09/14 10:35:22.592, 61, 249.70 W, 250.00 W, 100 %, 7194 MiB, 70 %, 3, 1560 MHz, 0x0000000000000004
2026/09/14 10:35:52.594, 60, 240.96 W, 250.00 W, 100 %, 7194 MiB, 70 %, 3, 1590 MHz, 0x0000000000000004
2026/09/14 10:36:22.597, 60, 241.52 W, 250.00 W, 100 %, 7194 MiB, 70 %, 3, 1575 MHz, 0x0000000000000004
2026/09/14 10:36:52.599, 61, 243.46 W, 250.00 W, 99 %, 7194 MiB, 70 %, 3, 1590 MHz, 0x0000000000000004
2026/09/14 10:37:22.601, 61, 244.76 W, 250.00 W, 99 %, 7194 MiB, 70 %, 3, 1590 MHz, 0x0000000000000004
2026/09/14 10:37:52.604, 60, 241.67 W, 250.00 W, 99 %, 7194 MiB, 70 %, 3, 1590 MHz, 0x0000000000000004
2026/09/14 10:38:22.606, 60, 245.06 W, 250.00 W, 100 %, 7194 MiB, 70 %, 3, 1590 MHz, 0x0000000000000004
2026/09/14 10:38:52.608, 61, 249.23 W, 250.00 W, 96 %, 7194 MiB, 70 %, 3, 1590 MHz, 0x0000000000000000
2026/09/14 10:39:22.611, 61, 244.26 W, 250.00 W, 100 %, 7194 MiB, 70 %, 3, 1575 MHz, 0x0000000000000004
2026/09/14 10:39:52.613, 60, 241.43 W, 250.00 W, 95 %, 7194 MiB, 70 %, 3, 1590 MHz, 0x0000000000000000
2026/09/14 10:40:22.616, 60, 246.32 W, 250.00 W, 100 %, 7194 MiB, 70 %, 3, 1590 MHz, 0x0000000000000004
2026/09/14 10:40:52.618, 60, 243.17 W, 250.00 W, 95 %, 7194 MiB, 70 %, 3, 1590 MHz, 0x0000000000000000
2026/09/14 10:41:22.621, 60, 225.31 W, 250.00 W, 91 %, 7194 MiB, 70 %, 3, 1590 MHz, 0x0000000000000000
2026/09/14 10:41:52.623, 60, 229.68 W, 250.00 W, 91 %, 7194 MiB, 70 %, 3, 1590 MHz, 0x0000000000000000
2026/09/14 10:42:22.624, 59, 244.68 W, 250.00 W, 93 %, 7194 MiB, 69 %, 3, 1590 MHz, 0x0000000000000004
2026/09/14 10:42:52.627, 59, 236.19 W, 250.00 W, 100 %, 7194 MiB, 69 %, 3, 1590 MHz, 0x0000000000000004
2026/09/14 10:43:22.629, 60, 237.10 W, 250.00 W, 95 %, 7194 MiB, 69 %, 3, 1590 MHz, 0x0000000000000004
2026/09/14 10:43:52.631, 60, 237.21 W, 250.00 W, 93 %, 7194 MiB, 69 %, 3, 1560 MHz, 0x0000000000000000
2026/09/14 10:44:22.632, 60, 243.55 W, 250.00 W, 100 %, 7194 MiB, 69 %, 3, 1560 MHz, 0x0000000000000004
2026/09/14 10:44:52.635, 61, 245.86 W, 250.00 W, 93 %, 7194 MiB, 70 %, 3, 1545 MHz, 0x0000000000000004
2026/09/14 10:45:22.637, 60, 244.04 W, 250.00 W, 95 %, 7194 MiB, 69 %, 3, 1590 MHz, 0x0000000000000000
2026/09/14 10:45:52.639, 61, 242.77 W, 250.00 W, 94 %, 7194 MiB, 70 %, 3, 1545 MHz, 0x0000000000000000
2026/09/14 10:46:22.641, 60, 240.18 W, 250.00 W, 95 %, 7194 MiB, 70 %, 3, 1575 MHz, 0x0000000000000000
2026/09/14 10:46:52.642, 60, 242.26 W, 250.00 W, 94 %, 7194 MiB, 70 %, 3, 1560 MHz, 0x0000000000000000
2026/09/14 10:47:22.644, 61, 247.69 W, 250.00 W, 100 %, 7194 MiB, 70 %, 3, 1560 MHz, 0x0000000000000004
2026/09/14 10:47:52.647, 60, 245.68 W, 250.00 W, 95 %, 7194 MiB, 70 %, 3, 1590 MHz, 0x0000000000000004
2026/09/14 10:48:22.649, 60, 242.31 W, 250.00 W, 94 %, 7194 MiB, 70 %, 3, 1590 MHz, 0x0000000000000000
2026/09/14 10:48:52.650, 61, 248.02 W, 250.00 W, 95 %, 7194 MiB, 70 %, 3, 1590 MHz, 0x0000000000000004
2026/09/14 10:49:22.653, 59, 246.59 W, 250.00 W, 95 %, 7194 MiB, 70 %, 3, 510 MHz, 0x0000000000000004
2026/09/14 10:49:52.654, 61, 248.73 W, 250.00 W, 95 %, 7194 MiB, 70 %, 3, 1560 MHz, 0x0000000000000004
2026/09/14 10:50:22.662, 60, 244.73 W, 250.00 W, 93 %, 7194 MiB, 70 %, 3, 1560 MHz, 0x0000000000000004
2026/09/14 10:50:52.664, 60, 244.17 W, 250.00 W, 100 %, 7194 MiB, 70 %, 3, 1590 MHz, 0x0000000000000004
2026/09/14 10:51:22.666, 60, 243.75 W, 250.00 W, 93 %, 7194 MiB, 70 %, 3, 1590 MHz, 0x0000000000000004
2026/09/14 10:51:52.669, 60, 242.70 W, 250.00 W, 95 %, 7194 MiB, 70 %, 3, 1590 MHz, 0x0000000000000000
2026/09/14 10:52:22.670, 60, 240.47 W, 250.00 W, 95 %, 7194 MiB, 70 %, 3, 1590 MHz, 0x0000000000000004
2026/09/14 10:52:52.673, 60, 243.87 W, 250.00 W, 99 %, 7194 MiB, 70 %, 3, 1560 MHz, 0x0000000000000004
2026/09/14 10:53:22.675, 61, 249.81 W, 250.00 W, 98 %, 7194 MiB, 70 %, 3, 1590 MHz, 0x0000000000000004
2026/09/14 10:53:52.677, 60, 243.49 W, 250.00 W, 95 %, 7194 MiB, 70 %, 3, 1575 MHz, 0x0000000000000004
2026/09/14 10:54:22.684, 60, 243.02 W, 250.00 W, 93 %, 7194 MiB, 70 %, 3, 1590 MHz, 0x0000000000000000
2026/09/14 10:54:52.686, 60, 253.72 W, 250.00 W, 94 %, 7194 MiB, 70 %, 3, 840 MHz, 0x0000000000000004
2026/09/14 10:55:22.688, 59, 234.83 W, 250.00 W, 93 %, 7194 MiB, 70 %, 3, 1590 MHz, 0x0000000000000004
2026/09/14 10:55:52.691, 59, 239.31 W, 250.00 W, 93 %, 7194 MiB, 70 %, 3, 1545 MHz, 0x0000000000000000
2026/09/14 10:56:22.693, 60, 242.53 W, 250.00 W, 95 %, 7194 MiB, 70 %, 3, 1575 MHz, 0x0000000000000004
2026/09/14 10:56:52.695, 61, 244.87 W, 250.00 W, 95 %, 7194 MiB, 70 %, 3, 1560 MHz, 0x0000000000000004
2026/09/14 10:57:22.698, 60, 243.48 W, 250.00 W, 94 %, 7194 MiB, 70 %, 3, 1575 MHz, 0x0000000000000004
2026/09/14 10:57:52.700, 60, 245.77 W, 250.00 W, 92 %, 7194 MiB, 70 %, 3, 1530 MHz, 0x0000000000000004
2026/09/14 10:58:22.702, 60, 246.08 W, 250.00 W, 95 %, 7194 MiB, 70 %, 3, 1590 MHz, 0x0000000000000000
2026/09/14 10:58:52.705, 59, 212.06 W, 250.00 W, 86 %, 7194 MiB, 70 %, 3, 1425 MHz, 0x0000000000000000
2026/09/14 10:59:22.707, 59, 235.80 W, 250.00 W, 91 %, 7194 MiB, 70 %, 3, 1560 MHz, 0x0000000000000004
2026/09/14 10:59:52.710, 59, 242.93 W, 250.00 W, 94 %, 7194 MiB, 69 %, 3, 1590 MHz, 0x0000000000000004
2026/09/14 11:00:22.712, 60, 245.54 W, 250.00 W, 95 %, 7194 MiB, 69 %, 3, 1560 MHz, 0x0000000000000000
2026/09/14 11:00:52.714, 60, 241.01 W, 250.00 W, 94 %, 7194 MiB, 69 %, 3, 1560 MHz, 0x0000000000000004
2026/09/14 11:01:22.717, 61, 245.80 W, 250.00 W, 100 %, 7194 MiB, 69 %, 3, 1545 MHz, 0x0000000000000004
2026/09/14 11:01:52.719, 61, 246.07 W, 250.00 W, 95 %, 7194 MiB, 70 %, 3, 1590 MHz, 0x0000000000000000
2026/09/14 11:02:22.722, 61, 248.14 W, 250.00 W, 94 %, 7194 MiB, 70 %, 3, 1590 MHz, 0x0000000000000004
2026/09/14 11:02:52.724, 60, 240.47 W, 250.00 W, 94 %, 7194 MiB, 70 %, 3, 1590 MHz, 0x0000000000000004
2026/09/14 11:03:22.727, 61, 245.69 W, 250.00 W, 99 %, 7194 MiB, 70 %, 3, 1500 MHz, 0x0000000000000004
2026/09/14 11:03:52.729, 60, 244.25 W, 250.00 W, 95 %, 7194 MiB, 70 %, 3, 1590 MHz, 0x0000000000000000
2026/09/14 11:04:22.732, 60, 239.62 W, 250.00 W, 93 %, 7194 MiB, 70 %, 3, 1590 MHz, 0x0000000000000000
2026/09/14 11:04:52.734, 60, 243.46 W, 250.00 W, 97 %, 7194 MiB, 70 %, 3, 1590 MHz, 0x0000000000000004
2026/09/14 11:05:22.737, 60, 241.07 W, 250.00 W, 93 %, 7194 MiB, 70 %, 3, 1575 MHz, 0x0000000000000004
2026/09/14 11:05:52.739, 60, 242.31 W, 250.00 W, 95 %, 7194 MiB, 70 %, 3, 1530 MHz, 0x0000000000000004
2026/09/14 11:06:22.742, 61, 244.38 W, 250.00 W, 94 %, 7194 MiB, 70 %, 3, 1590 MHz, 0x0000000000000000
2026/09/14 11:06:52.745, 61, 248.88 W, 250.00 W, 95 %, 7194 MiB, 70 %, 3, 1590 MHz, 0x0000000000000000
2026/09/14 11:07:22.747, 60, 243.57 W, 250.00 W, 94 %, 7194 MiB, 70 %, 3, 1560 MHz, 0x0000000000000004
2026/09/14 11:07:52.750, 60, 245.32 W, 250.00 W, 99 %, 7194 MiB, 70 %, 3, 1560 MHz, 0x0000000000000004
2026/09/14 11:08:22.752, 60, 246.08 W, 250.00 W, 94 %, 7194 MiB, 70 %, 3, 1575 MHz, 0x0000000000000000
2026/09/14 11:08:52.755, 60, 234.40 W, 250.00 W, 95 %, 7194 MiB, 70 %, 3, 1590 MHz, 0x0000000000000000
2026/09/14 11:09:22.758, 60, 249.39 W, 250.00 W, 95 %, 7194 MiB, 70 %, 3, 1440 MHz, 0x0000000000000000
2026/09/14 11:09:52.760, 60, 240.07 W, 250.00 W, 93 %, 7194 MiB, 70 %, 3, 1575 MHz, 0x0000000000000000
2026/09/14 11:10:22.762, 60, 243.49 W, 250.00 W, 94 %, 7194 MiB, 70 %, 3, 1590 MHz, 0x0000000000000004
2026/09/14 11:10:52.764, 61, 244.67 W, 250.00 W, 94 %, 7194 MiB, 70 %, 3, 1590 MHz, 0x0000000000000000
2026/09/14 11:11:22.767, 60, 246.96 W, 250.00 W, 98 %, 7194 MiB, 70 %, 3, 1575 MHz, 0x0000000000000004
2026/09/14 11:11:52.769, 60, 247.95 W, 250.00 W, 94 %, 7194 MiB, 70 %, 3, 1485 MHz, 0x0000000000000000
2026/09/14 11:12:22.771, 61, 243.64 W, 250.00 W, 94 %, 7194 MiB, 70 %, 3, 1590 MHz, 0x0000000000000000
2026/09/14 11:12:52.773, 60, 244.65 W, 250.00 W, 92 %, 7194 MiB, 70 %, 3, 1560 MHz, 0x0000000000000000
2026/09/14 11:13:22.775, 60, 243.07 W, 250.00 W, 93 %, 7194 MiB, 70 %, 3, 1560 MHz, 0x0000000000000000
2026/09/14 11:13:52.777, 60, 239.98 W, 250.00 W, 93 %, 7194 MiB, 70 %, 3, 1560 MHz, 0x0000000000000004
2026/09/14 11:14:22.779, 61, 247.67 W, 250.00 W, 100 %, 7194 MiB, 70 %, 3, 1560 MHz, 0x0000000000000004
2026/09/14 11:14:52.782, 60, 240.04 W, 250.00 W, 96 %, 7194 MiB, 70 %, 3, 1590 MHz, 0x0000000000000000
2026/09/14 11:15:22.784, 60, 237.09 W, 250.00 W, 96 %, 7194 MiB, 70 %, 3, 1560 MHz, 0x0000000000000000
2026/09/14 11:15:52.786, 61, 244.16 W, 250.00 W, 95 %, 7194 MiB, 70 %, 3, 1590 MHz, 0x0000000000000004
2026/09/14 11:16:22.788, 60, 220.88 W, 250.00 W, 90 %, 7194 MiB, 70 %, 3, 1560 MHz, 0x0000000000000000
2026/09/14 11:16:52.791, 59, 238.90 W, 250.00 W, 92 %, 7194 MiB, 70 %, 3, 1425 MHz, 0x0000000000000000
2026/09/14 11:17:22.794, 57, 225.69 W, 250.00 W, 80 %, 7194 MiB, 69 %, 3, 1470 MHz, 0x0000000000000004
2026/09/14 11:17:52.796, 57, 228.88 W, 250.00 W, 85 %, 7194 MiB, 69 %, 3, 1335 MHz, 0x0000000000000004
2026/09/14 11:18:22.807, 52, 111.23 W, 250.00 W, 0 %, 1192 MiB, 68 %, 3, 1590 MHz, 0x0000000000000000
2026/09/14 11:18:52.808, 50, 109.07 W, 250.00 W, 0 %, 5418 MiB, 64 %, 3, 1590 MHz, 0x0000000000000000
2026/09/14 11:19:22.811, 51, 110.67 W, 250.00 W, 0 %, 5418 MiB, 64 %, 3, 1590 MHz, 0x0000000000000000
2026/09/14 11:19:52.813, 57, 243.87 W, 250.00 W, 100 %, 5418 MiB, 64 %, 3, 1275 MHz, 0x0000000000000004
2026/09/14 11:20:22.815, 58, 239.89 W, 250.00 W, 70 %, 5418 MiB, 65 %, 3, 1590 MHz, 0x0000000000000004
2026/09/14 11:20:52.817, 59, 239.72 W, 250.00 W, 100 %, 5418 MiB, 67 %, 3, 1095 MHz, 0x0000000000000004
2026/09/14 11:21:22.820, 58, 191.33 W, 250.00 W, 63 %, 5418 MiB, 67 %, 3, 1590 MHz, 0x0000000000000000
2026/09/14 11:21:52.822, 56, 188.73 W, 250.00 W, 55 %, 5418 MiB, 67 %, 3, 1590 MHz, 0x0000000000000000
