model,imgsz,conf,TP,FN,FP,precision,recall,F1,F2,fp_per_frame,recall_l128,recall_neg,recall_s38
fov_11m_1280_all,1280,0.05,1923,2474,7013,0.2152,0.4373,0.2885,0.3625,2.57,0.6915,,0.3104
fov_11m_1280_all,1280,0.075,1801,2596,5059,0.2625,0.4096,0.32,0.3683,1.854,0.6689,,0.28
fov_11m_1280_all,1280,0.1,1701,2696,3938,0.3016,0.3869,0.339,0.3662,1.443,0.6451,,0.2578
fov_11m_1280_all,1280,0.125,1629,2768,3174,0.3392,0.3705,0.3541,0.3638,1.163,0.6307,,0.2405
fov_11m_1280_all,1280,0.15,1566,2831,2593,0.3765,0.3562,0.3661,0.36,0.95,0.6177,,0.2254
fov_11m_1280_all,1280,0.175,1516,2881,2166,0.4117,0.3448,0.3753,0.3564,0.794,0.6075,,0.2135
fov_11m_1280_all,1280,0.2,1476,2921,1840,0.4451,0.3357,0.3827,0.353,0.674,0.5973,,0.205
fov_11m_1280_all,1280,0.225,1418,2979,1563,0.4757,0.3225,0.3844,0.3447,0.573,0.5884,,0.1896
fov_11m_1280_all,1280,0.25,1367,3030,1326,0.5076,0.3109,0.3856,0.337,0.486,0.5788,,0.177
fov_11m_1280_all,1280,0.275,1309,3088,1133,0.536,0.2977,0.3828,0.3268,0.415,0.5631,,0.1651
fov_11m_1280_all,1280,0.3,1256,3141,988,0.5597,0.2856,0.3783,0.3167,0.362,0.5481,,0.1545
fov_11m_1280_all,1280,0.325,1191,3206,841,0.5861,0.2709,0.3705,0.3035,0.308,0.5297,,0.1415
fov_11m_1280_all,1280,0.35,1145,3252,739,0.6077,0.2604,0.3646,0.294,0.271,0.5201,,0.1306
fov_11m_1280_all,1280,0.375,1084,3313,623,0.635,0.2465,0.3552,0.2809,0.228,0.5106,,0.1146
fov_11m_1280_all,1280,0.4,1024,3373,518,0.6641,0.2329,0.3448,0.2676,0.19,0.4942,,0.1023
fov_11m_1280_all,1280,0.425,980,3417,435,0.6926,0.2229,0.3372,0.2579,0.159,0.4833,,0.0928
fov_11m_1280_all,1280,0.45,922,3475,357,0.7209,0.2097,0.3249,0.2443,0.131,0.4648,,0.0822
fov_11m_1280_all,1280,0.475,874,3523,297,0.7464,0.1988,0.3139,0.233,0.109,0.4471,,0.0747
fov_11m_1280_all,1280,0.5,809,3588,235,0.7749,0.184,0.2974,0.2171,0.086,0.4314,,0.0604
fov_11m_1280_all,1280,0.525,733,3664,183,0.8002,0.1667,0.2759,0.1981,0.067,0.4048,,0.0477
fov_11m_1280_all,1280,0.55,683,3714,133,0.837,0.1553,0.262,0.1856,0.049,0.3857,,0.0402
fov_11m_1280_all,1280,0.575,606,3791,104,0.8535,0.1378,0.2373,0.1656,0.038,0.3522,,0.0307
fov_11m_1280_all,1280,0.6,531,3866,77,0.8734,0.1208,0.2122,0.1459,0.028,0.3222,,0.0201
fov_11m_1280_all,1600,0.05,2030,2367,8344,0.1957,0.4617,0.2749,0.363,3.058,0.7133,,0.3359
fov_11m_1280_all,1600,0.075,1915,2482,6145,0.2376,0.4355,0.3075,0.3733,2.252,0.6942,,0.3063
fov_11m_1280_all,1600,0.1,1834,2563,4718,0.2799,0.4171,0.335,0.3799,1.729,0.6751,,0.2882
fov_11m_1280_all,1600,0.125,1754,2643,3852,0.3129,0.3989,0.3507,0.3781,1.412,0.658,,0.2694
fov_11m_1280_all,1600,0.15,1701,2696,3146,0.3509,0.3869,0.368,0.3791,1.153,0.6464,,0.2572
fov_11m_1280_all,1600,0.175,1643,2754,2655,0.3823,0.3737,0.3779,0.3754,0.973,0.6328,,0.2442
fov_11m_1280_all,1600,0.2,1580,2817,2243,0.4133,0.3593,0.3844,0.369,0.822,0.6218,,0.2282
fov_11m_1280_all,1600,0.225,1531,2866,1943,0.4407,0.3482,0.389,0.3635,0.712,0.613,,0.2159
fov_11m_1280_all,1600,0.25,1475,2922,1662,0.4702,0.3355,0.3916,0.3559,0.609,0.6,,0.2033
fov_11m_1280_all,1600,0.275,1418,2979,1440,0.4962,0.3225,0.3909,0.3468,0.528,0.5891,,0.1893
fov_11m_1280_all,1600,0.3,1365,3032,1221,0.5278,0.3104,0.3909,0.3383,0.447,0.5788,,0.1763
fov_11m_1280_all,1600,0.325,1318,3079,1058,0.5547,0.2997,0.3892,0.3301,0.388,0.5693,,0.1651
fov_11m_1280_all,1600,0.35,1268,3129,918,0.5801,0.2884,0.3852,0.3206,0.336,0.5584,,0.1535
fov_11m_1280_all,1600,0.375,1218,3179,776,0.6108,0.277,0.3812,0.311,0.284,0.5468,,0.1422
fov_11m_1280_all,1600,0.4,1164,3233,676,0.6326,0.2647,0.3733,0.2996,0.248,0.5345,,0.1299
fov_11m_1280_all,1600,0.425,1111,3286,567,0.6621,0.2527,0.3658,0.2883,0.208,0.5256,,0.1163
fov_11m_1280_all,1600,0.45,1044,3353,484,0.6832,0.2374,0.3524,0.2731,0.177,0.5065,,0.103
fov_11m_1280_all,1600,0.475,981,3416,403,0.7088,0.2231,0.3394,0.2585,0.148,0.4915,,0.089
fov_11m_1280_all,1600,0.5,923,3474,327,0.7384,0.2099,0.3269,0.245,0.12,0.4758,,0.0771
fov_11m_1280_all,1600,0.525,876,3521,240,0.7849,0.1992,0.3178,0.2342,0.088,0.4655,,0.0662
fov_11m_1280_all,1600,0.55,805,3592,193,0.8066,0.1831,0.2984,0.2166,0.071,0.4478,,0.0508
fov_11m_1280_all,1600,0.575,740,3657,157,0.825,0.1683,0.2796,0.2002,0.058,0.4246,,0.0402
fov_11m_1280_all,1600,0.6,647,3750,114,0.8502,0.1471,0.2509,0.1763,0.042,0.3884,,0.0266
fov_11m_1280_all,1920,0.05,2105,2292,8551,0.1975,0.4787,0.2797,0.3726,3.133,0.7031,,0.3666
fov_11m_1280_all,1920,0.075,1985,2412,6325,0.2389,0.4514,0.3124,0.3832,2.318,0.6778,,0.3383
fov_11m_1280_all,1920,0.1,1893,2504,4958,0.2763,0.4305,0.3366,0.3873,1.817,0.6573,,0.3172
fov_11m_1280_all,1920,0.125,1824,2573,4043,0.3109,0.4148,0.3554,0.3888,1.481,0.6403,,0.3022
fov_11m_1280_all,1920,0.15,1764,2633,3399,0.3417,0.4012,0.369,0.3877,1.246,0.6307,,0.2865
fov_11m_1280_all,1920,0.175,1709,2688,2865,0.3736,0.3887,0.381,0.3856,1.05,0.6191,,0.2735
fov_11m_1280_all,1920,0.2,1648,2749,2490,0.3983,0.3748,0.3862,0.3793,0.912,0.6068,,0.2589
fov_11m_1280_all,1920,0.225,1593,2804,2151,0.4255,0.3623,0.3914,0.3734,0.788,0.5952,,0.2459
fov_11m_1280_all,1920,0.25,1542,2855,1878,0.4509,0.3507,0.3945,0.367,0.688,0.5877,,0.2323
fov_11m_1280_all,1920,0.275,1492,2905,1624,0.4788,0.3393,0.3972,0.3603,0.595,0.5768,,0.2207
fov_11m_1280_all,1920,0.3,1428,2969,1391,0.5066,0.3248,0.3958,0.3499,0.51,0.5631,,0.2057
fov_11m_1280_all,1920,0.325,1379,3018,1201,0.5345,0.3136,0.3953,0.3419,0.44,0.5509,,0.1951
fov_11m_1280_all,1920,0.35,1327,3070,1041,0.5604,0.3018,0.3923,0.3325,0.381,0.5372,,0.1842
fov_11m_1280_all,1920,0.375,1282,3115,886,0.5913,0.2916,0.3906,0.3245,0.325,0.529,,0.1729
fov_11m_1280_all,1920,0.4,1229,3168,761,0.6176,0.2795,0.3848,0.3139,0.279,0.516,,0.1613
fov_11m_1280_all,1920,0.425,1173,3224,662,0.6392,0.2668,0.3764,0.302,0.243,0.5031,,0.1487
fov_11m_1280_all,1920,0.45,1113,3284,562,0.6645,0.2531,0.3666,0.2889,0.206,0.4874,,0.1361
fov_11m_1280_all,1920,0.475,1033,3364,474,0.6855,0.2349,0.3499,0.2705,0.174,0.4724,,0.1163
fov_11m_1280_all,1920,0.5,975,3422,381,0.719,0.2217,0.339,0.2573,0.14,0.4567,,0.1044
fov_11m_1280_all,1920,0.525,910,3487,309,0.7465,0.207,0.3241,0.2419,0.113,0.4416,,0.0897
fov_11m_1280_all,1920,0.55,837,3560,254,0.7672,0.1904,0.305,0.224,0.093,0.4246,,0.0733
fov_11m_1280_all,1920,0.575,759,3638,200,0.7914,0.1726,0.2834,0.2046,0.073,0.4055,,0.0563
fov_11m_1280_all,1920,0.6,685,3712,148,0.8223,0.1558,0.262,0.1859,0.054,0.3823,,0.0426
